Entry	Entry Name	Organism	Length	Gene Ontology (GO)
O93348	HBB1_PAGBO	Pagothenia borchgrevinki (Bald rockcod) (Trematomus borchgrevinki)	147	blood microparticle [GO:0072562]; haptoglobin-hemoglobin complex [GO:0031838]; hemoglobin complex [GO:0005833]; haptoglobin binding [GO:0031720]; heme binding [GO:0020037]; organic acid binding [GO:0043177]; oxygen binding [GO:0019825]; oxygen carrier activity [GO:0005344]; peroxidase activity [GO:0004601]; hydrogen peroxide catabolic process [GO:0042744]
P02024	HBB_GORGO	Gorilla gorilla gorilla (Western lowland gorilla)	147	extracellular region [GO:0005576]; haptoglobin-hemoglobin complex [GO:0031838]; hemoglobin complex [GO:0005833]; haptoglobin binding [GO:0031720]; heme binding [GO:0020037]; hemoglobin alpha binding [GO:0031721]; oxygen binding [GO:0019825]; oxygen carrier activity [GO:0005344]; peroxidase activity [GO:0004601]; erythrocyte development [GO:0048821]; hydrogen peroxide catabolic process [GO:0042744]; inflammatory response [GO:0006954]; nitric oxide transport [GO:0030185]; oxygen transport [GO:0015671]; renal absorption [GO:0070293]; response to hydrogen peroxide [GO:0042542]
P02036	HBB_SAISC	Saimiri sciureus (Common squirrel monkey)	147	blood microparticle [GO:0072562]; haptoglobin-hemoglobin complex [GO:0031838]; hemoglobin complex [GO:0005833]; haptoglobin binding [GO:0031720]; heme binding [GO:0020037]; hemoglobin alpha binding [GO:0031721]; organic acid binding [GO:0043177]; oxygen binding [GO:0019825]; oxygen carrier activity [GO:0005344]; peroxidase activity [GO:0004601]; hydrogen peroxide catabolic process [GO:0042744]
P02050	HBB_OTOCR	Otolemur crassicaudatus (Brown greater galago) (Galago crassicaudatus)	146	blood microparticle [GO:0072562]; haptoglobin-hemoglobin complex [GO:0031838]; hemoglobin complex [GO:0005833]; haptoglobin binding [GO:0031720]; heme binding [GO:0020037]; hemoglobin alpha binding [GO:0031721]; organic acid binding [GO:0043177]; oxygen binding [GO:0019825]; oxygen carrier activity [GO:0005344]; peroxidase activity [GO:0004601]; hydrogen peroxide catabolic process [GO:0042744]
P02053	HBB_EULFU	Eulemur fulvus fulvus (Brown lemur)	147	blood microparticle [GO:0072562]; haptoglobin-hemoglobin complex [GO:0031838]; hemoglobin complex [GO:0005833]; haptoglobin binding [GO:0031720]; heme binding [GO:0020037]; hemoglobin alpha binding [GO:0031721]; organic acid binding [GO:0043177]; oxygen binding [GO:0019825]; oxygen carrier activity [GO:0005344]; peroxidase activity [GO:0004601]; hydrogen peroxide catabolic process [GO:0042744]
P02057	HBB_RABIT	Oryctolagus cuniculus (Rabbit)	147	blood microparticle [GO:0072562]; haptoglobin-hemoglobin complex [GO:0031838]; hemoglobin complex [GO:0005833]; haptoglobin binding [GO:0031720]; heme binding [GO:0020037]; hemoglobin alpha binding [GO:0031721]; organic acid binding [GO:0043177]; oxygen binding [GO:0019825]; oxygen carrier activity [GO:0005344]; peroxidase activity [GO:0004601]; hydrogen peroxide catabolic process [GO:0042744]
P02066	HBB_CERSI	Ceratotherium simum (White rhinoceros) (Square-lipped rhinoceros)	146	blood microparticle [GO:0072562]; haptoglobin-hemoglobin complex [GO:0031838]; hemoglobin complex [GO:0005833]; haptoglobin binding [GO:0031720]; heme binding [GO:0020037]; hemoglobin alpha binding [GO:0031721]; organic acid binding [GO:0043177]; oxygen binding [GO:0019825]; oxygen carrier activity [GO:0005344]; peroxidase activity [GO:0004601]; hydrogen peroxide catabolic process [GO:0042744]
P02067	HBB_PIG	Sus scrofa (Pig)	147	haptoglobin-hemoglobin complex [GO:0031838]; hemoglobin complex [GO:0005833]; heme binding [GO:0020037]; hemoglobin alpha binding [GO:0031721]; oxygen binding [GO:0019825]; oxygen carrier activity [GO:0005344]; erythrocyte development [GO:0048821]; oxygen transport [GO:0015671]
P02070	HBB_BOVIN	Bos taurus (Bovine)	145	haptoglobin-hemoglobin complex [GO:0031838]; hemoglobin complex [GO:0005833]; heme binding [GO:0020037]; hemoglobin alpha binding [GO:0031721]; oxygen binding [GO:0019825]; oxygen carrier activity [GO:0005344]; erythrocyte development [GO:0048821]; oxygen transport [GO:0015671]
P02072	HBB_BOSGR	Bos grunniens (Wild yak) (Bos mutus grunniens)	145	blood microparticle [GO:0072562]; haptoglobin-hemoglobin complex [GO:0031838]; hemoglobin complex [GO:0005833]; haptoglobin binding [GO:0031720]; heme binding [GO:0020037]; hemoglobin alpha binding [GO:0031721]; organic acid binding [GO:0043177]; oxygen binding [GO:0019825]; oxygen carrier activity [GO:0005344]; peroxidase activity [GO:0004601]; hydrogen peroxide catabolic process [GO:0042744]
P02074	HBB_ODOVI	Odocoileus virginianus virginianus (Virginia white-tailed deer)	145	blood microparticle [GO:0072562]; haptoglobin-hemoglobin complex [GO:0031838]; hemoglobin complex [GO:0005833]; haptoglobin binding [GO:0031720]; heme binding [GO:0020037]; hemoglobin alpha binding [GO:0031721]; organic acid binding [GO:0043177]; oxygen binding [GO:0019825]; oxygen carrier activity [GO:0005344]; peroxidase activity [GO:0004601]; hydrogen peroxide catabolic process [GO:0042744]
P02075	HBB_SHEEP	Ovis aries (Sheep)	145	blood microparticle [GO:0072562]; haptoglobin-hemoglobin complex [GO:0031838]; hemoglobin complex [GO:0005833]; haptoglobin binding [GO:0031720]; heme binding [GO:0020037]; hemoglobin alpha binding [GO:0031721]; organic acid binding [GO:0043177]; oxygen binding [GO:0019825]; oxygen carrier activity [GO:0005344]; peroxidase activity [GO:0004601]; hydrogen peroxide catabolic process [GO:0042744]
P02077	HBBA_CAPHI	Capra hircus (Goat)	145	blood microparticle [GO:0072562]; haptoglobin-hemoglobin complex [GO:0031838]; hemoglobin complex [GO:0005833]; haptoglobin binding [GO:0031720]; heme binding [GO:0020037]; hemoglobin alpha binding [GO:0031721]; organic acid binding [GO:0043177]; oxygen binding [GO:0019825]; oxygen carrier activity [GO:0005344]; peroxidase activity [GO:0004601]; hydrogen peroxide catabolic process [GO:0042744]
P02086	HBB_PROHA	Procavia capensis habessinica (Abyssinian hyrax)	146	blood microparticle [GO:0072562]; haptoglobin-hemoglobin complex [GO:0031838]; hemoglobin complex [GO:0005833]; haptoglobin binding [GO:0031720]; heme binding [GO:0020037]; hemoglobin alpha binding [GO:0031721]; organic acid binding [GO:0043177]; oxygen binding [GO:0019825]; oxygen carrier activity [GO:0005344]; peroxidase activity [GO:0004601]; hydrogen peroxide catabolic process [GO:0042744]
P02087	HBB_DASNO	Dasypus novemcinctus (Nine-banded armadillo)	147	blood microparticle [GO:0072562]; haptoglobin-hemoglobin complex [GO:0031838]; hemoglobin complex [GO:0005833]; haptoglobin binding [GO:0031720]; heme binding [GO:0020037]; hemoglobin alpha binding [GO:0031721]; organic acid binding [GO:0043177]; oxygen binding [GO:0019825]; oxygen carrier activity [GO:0005344]; peroxidase activity [GO:0004601]; hydrogen peroxide catabolic process [GO:0042744]
P02088	HBB1_MOUSE	Mus musculus (Mouse)	147	extracellular region [GO:0005576]; haptoglobin-hemoglobin complex [GO:0031838]; hemoglobin complex [GO:0005833]; myelin sheath [GO:0043209]; heme binding [GO:0020037]; hemoglobin alpha binding [GO:0031721]; hemoglobin beta binding [GO:0031722]; hemoglobin binding [GO:0030492]; oxygen binding [GO:0019825]; oxygen carrier activity [GO:0005344]; protein-containing complex binding [GO:0044877]; carbon dioxide transport [GO:0015670]; cellular oxidant detoxification [GO:0098869]; erythrocyte development [GO:0048821]; hemopoiesis [GO:0030097]; oxygen transport [GO:0015671]; regulation of eIF2 alpha phosphorylation by heme [GO:0010999]
P02089	HBB2_MOUSE	Mus musculus (Mouse)	147	extracellular region [GO:0005576]; haptoglobin-hemoglobin complex [GO:0031838]; hemoglobin complex [GO:0005833]; heme binding [GO:0020037]; hemoglobin alpha binding [GO:0031721]; hemoglobin beta binding [GO:0031722]; hemoglobin binding [GO:0030492]; oxygen binding [GO:0019825]; oxygen carrier activity [GO:0005344]; protein-containing complex binding [GO:0044877]; carbon dioxide transport [GO:0015670]; cellular oxidant detoxification [GO:0098869]; erythrocyte development [GO:0048821]; glutathione metabolic process [GO:0006749]; oxygen transport [GO:0015671]; positive regulation of myeloid cell differentiation [GO:0045639]; regulation of erythrocyte differentiation [GO:0045646]
P02091	HBB1_RAT	Rattus norvegicus (Rat)	147	extracellular region [GO:0005576]; haptoglobin-hemoglobin complex [GO:0031838]; hemoglobin complex [GO:0005833]; heme binding [GO:0020037]; hemoglobin alpha binding [GO:0031721]; hemoglobin beta binding [GO:0031722]; hemoglobin binding [GO:0030492]; oxygen binding [GO:0019825]; oxygen carrier activity [GO:0005344]; protein-containing complex binding [GO:0044877]; carbon dioxide transport [GO:0015670]; cellular oxidant detoxification [GO:0098869]; erythrocyte development [GO:0048821]; glutathione metabolic process [GO:0006749]; hemopoiesis [GO:0030097]; hydrogen peroxide catabolic process [GO:0042744]; inflammatory response [GO:0006954]; nitric oxide transport [GO:0030185]; oxygen transport [GO:0015671]; regulation of eIF2 alpha phosphorylation by heme [GO:0010999]; renal absorption [GO:0070293]; response to hydrogen peroxide [GO:0042542]
P02094	HBB_MESAU	Mesocricetus auratus (Golden hamster)	147	blood microparticle [GO:0072562]; haptoglobin-hemoglobin complex [GO:0031838]; hemoglobin complex [GO:0005833]; haptoglobin binding [GO:0031720]; heme binding [GO:0020037]; hemoglobin alpha binding [GO:0031721]; organic acid binding [GO:0043177]; oxygen binding [GO:0019825]; oxygen carrier activity [GO:0005344]; peroxidase activity [GO:0004601]; hydrogen peroxide catabolic process [GO:0042744]
P02109	HBB_DIDVI	Didelphis virginiana (North American opossum) (Didelphis marsupialis virginiana)	147	blood microparticle [GO:0072562]; haptoglobin-hemoglobin complex [GO:0031838]; hemoglobin complex [GO:0005833]; haptoglobin binding [GO:0031720]; heme binding [GO:0020037]; organic acid binding [GO:0043177]; oxygen binding [GO:0019825]; oxygen carrier activity [GO:0005344]; peroxidase activity [GO:0004601]; hydrogen peroxide catabolic process [GO:0042744]
P02110	HBB_TACAC	Tachyglossus aculeatus aculeatus (Southeast Australian short-beaked echidna)	147	blood microparticle [GO:0072562]; haptoglobin-hemoglobin complex [GO:0031838]; hemoglobin complex [GO:0005833]; haptoglobin binding [GO:0031720]; heme binding [GO:0020037]; organic acid binding [GO:0043177]; oxygen binding [GO:0019825]; oxygen carrier activity [GO:0005344]; peroxidase activity [GO:0004601]; hydrogen peroxide catabolic process [GO:0042744]
P02112	HBB_CHICK	Gallus gallus (Chicken)	147	extracellular region [GO:0005576]; haptoglobin-hemoglobin complex [GO:0031838]; hemoglobin complex [GO:0005833]; heme binding [GO:0020037]; hemoglobin binding [GO:0030492]; oxygen binding [GO:0019825]; oxygen carrier activity [GO:0005344]; erythrocyte development [GO:0048821]; oxygen transport [GO:0015671]
P02114	HBB_ANAPL	Anas platyrhynchos (Mallard) (Anas boschas)	147	blood microparticle [GO:0072562]; haptoglobin-hemoglobin complex [GO:0031838]; hemoglobin complex [GO:0005833]; haptoglobin binding [GO:0031720]; heme binding [GO:0020037]; organic acid binding [GO:0043177]; oxygen binding [GO:0019825]; oxygen carrier activity [GO:0005344]; peroxidase activity [GO:0004601]; hydrogen peroxide catabolic process [GO:0042744]
P02132	HBB1_XENLA	Xenopus laevis (African clawed frog)	146	blood microparticle [GO:0072562]; haptoglobin-hemoglobin complex [GO:0031838]; hemoglobin complex [GO:0005833]; haptoglobin binding [GO:0031720]; heme binding [GO:0020037]; organic acid binding [GO:0043177]; oxygen binding [GO:0019825]; oxygen carrier activity [GO:0005344]; peroxidase activity [GO:0004601]; erythrocyte development [GO:0048821]; hydrogen peroxide catabolic process [GO:0042744]; oxygen transport [GO:0015671]
P02133	HBB2_XENLA	Xenopus laevis (African clawed frog)	147	blood microparticle [GO:0072562]; haptoglobin-hemoglobin complex [GO:0031838]; hemoglobin complex [GO:0005833]; haptoglobin binding [GO:0031720]; heme binding [GO:0020037]; organic acid binding [GO:0043177]; oxygen binding [GO:0019825]; oxygen carrier activity [GO:0005344]; peroxidase activity [GO:0004601]; erythrocyte development [GO:0048821]; hydrogen peroxide catabolic process [GO:0042744]; oxygen transport [GO:0015671]
P02139	HBB_CYPCA	Cyprinus carpio (Common carp)	147	blood microparticle [GO:0072562]; haptoglobin-hemoglobin complex [GO:0031838]; hemoglobin complex [GO:0005833]; haptoglobin binding [GO:0031720]; heme binding [GO:0020037]; organic acid binding [GO:0043177]; oxygen binding [GO:0019825]; oxygen carrier activity [GO:0005344]; peroxidase activity [GO:0004601]; hydrogen peroxide catabolic process [GO:0042744]
P02141	HBB4_ONCMY	Oncorhynchus mykiss (Rainbow trout) (Salmo gairdneri)	148	blood microparticle [GO:0072562]; haptoglobin-hemoglobin complex [GO:0031838]; hemoglobin complex [GO:0005833]; haptoglobin binding [GO:0031720]; heme binding [GO:0020037]; organic acid binding [GO:0043177]; oxygen binding [GO:0019825]; oxygen carrier activity [GO:0005344]; peroxidase activity [GO:0004601]; hydrogen peroxide catabolic process [GO:0042744]
P04244	HBB_PANPO	Panthera pardus orientalis (Amur leopard) (Felis orientalis)	147	blood microparticle [GO:0072562]; haptoglobin-hemoglobin complex [GO:0031838]; hemoglobin complex [GO:0005833]; haptoglobin binding [GO:0031720]; heme binding [GO:0020037]; hemoglobin alpha binding [GO:0031721]; organic acid binding [GO:0043177]; oxygen binding [GO:0019825]; oxygen carrier activity [GO:0005344]; peroxidase activity [GO:0004601]; hydrogen peroxide catabolic process [GO:0042744]
P07410	HBB_UROTO	Urocitellus townsendii (Townsend's ground squirrel) (Spermophilus townsendii)	146	blood microparticle [GO:0072562]; haptoglobin-hemoglobin complex [GO:0031838]; hemoglobin complex [GO:0005833]; haptoglobin binding [GO:0031720]; heme binding [GO:0020037]; hemoglobin alpha binding [GO:0031721]; organic acid binding [GO:0043177]; oxygen binding [GO:0019825]; oxygen carrier activity [GO:0005344]; peroxidase activity [GO:0004601]; hydrogen peroxide catabolic process [GO:0042744]
P07412	HBB_FELCA	Felis catus (Cat) (Felis silvestris catus)	146	haptoglobin-hemoglobin complex [GO:0031838]; hemoglobin complex [GO:0005833]; heme binding [GO:0020037]; hemoglobin alpha binding [GO:0031721]; oxygen binding [GO:0019825]; oxygen carrier activity [GO:0005344]; erythrocyte development [GO:0048821]; oxygen transport [GO:0015671]
P07432	HBB1_XENBO	Xenopus borealis (Kenyan clawed frog)	146	blood microparticle [GO:0072562]; haptoglobin-hemoglobin complex [GO:0031838]; hemoglobin complex [GO:0005833]; haptoglobin binding [GO:0031720]; heme binding [GO:0020037]; organic acid binding [GO:0043177]; oxygen binding [GO:0019825]; oxygen carrier activity [GO:0005344]; peroxidase activity [GO:0004601]; hydrogen peroxide catabolic process [GO:0042744]
P07433	HBB2_XENBO	Xenopus borealis (Kenyan clawed frog)	146	blood microparticle [GO:0072562]; haptoglobin-hemoglobin complex [GO:0031838]; hemoglobin complex [GO:0005833]; haptoglobin binding [GO:0031720]; heme binding [GO:0020037]; organic acid binding [GO:0043177]; oxygen binding [GO:0019825]; oxygen carrier activity [GO:0005344]; peroxidase activity [GO:0004601]; hydrogen peroxide catabolic process [GO:0042744]
P08261	HBB_CHRRI	Chroicocephalus ridibundus (Black-headed gull) (Larus ridibundus)	146	blood microparticle [GO:0072562]; haptoglobin-hemoglobin complex [GO:0031838]; hemoglobin complex [GO:0005833]; haptoglobin binding [GO:0031720]; heme binding [GO:0020037]; organic acid binding [GO:0043177]; oxygen binding [GO:0019825]; oxygen carrier activity [GO:0005344]; peroxidase activity [GO:0004601]; hydrogen peroxide catabolic process [GO:0042744]
P09905	HBB_PHYMC	Physeter macrocephalus (Sperm whale) (Physeter catodon)	146	blood microparticle [GO:0072562]; haptoglobin-hemoglobin complex [GO:0031838]; hemoglobin complex [GO:0005833]; haptoglobin binding [GO:0031720]; heme binding [GO:0020037]; hemoglobin alpha binding [GO:0031721]; organic acid binding [GO:0043177]; oxygen binding [GO:0019825]; oxygen carrier activity [GO:0005344]; peroxidase activity [GO:0004601]; hydrogen peroxide catabolic process [GO:0042744]
P11517	HBB2_RAT	Rattus norvegicus (Rat)	147	haptoglobin-hemoglobin complex [GO:0031838]; hemoglobin complex [GO:0005833]; heme binding [GO:0020037]; hemoglobin alpha binding [GO:0031721]; oxygen binding [GO:0019825]; oxygen carrier activity [GO:0005344]; carbon dioxide transport [GO:0015670]; erythrocyte development [GO:0048821]; oxygen transport [GO:0015671]; positive regulation of myeloid cell differentiation [GO:0045639]; regulation of erythrocyte differentiation [GO:0045646]
P14526	HBB_BRATR	Bradypus tridactylus (Pale-throated three-toed sloth)	147	blood microparticle [GO:0072562]; haptoglobin-hemoglobin complex [GO:0031838]; hemoglobin complex [GO:0005833]; haptoglobin binding [GO:0031720]; heme binding [GO:0020037]; hemoglobin alpha binding [GO:0031721]; organic acid binding [GO:0043177]; oxygen binding [GO:0019825]; oxygen carrier activity [GO:0005344]; peroxidase activity [GO:0004601]; hydrogen peroxide catabolic process [GO:0042744]
P18983	HBB_AILME	Ailuropoda melanoleuca (Giant panda)	147	blood microparticle [GO:0072562]; haptoglobin-hemoglobin complex [GO:0031838]; hemoglobin complex [GO:0005833]; haptoglobin binding [GO:0031720]; heme binding [GO:0020037]; hemoglobin alpha binding [GO:0031721]; organic acid binding [GO:0043177]; oxygen binding [GO:0019825]; oxygen carrier activity [GO:0005344]; peroxidase activity [GO:0004601]; hydrogen peroxide catabolic process [GO:0042744]
P18984	HBB_BALAC	Balaenoptera acutorostrata (Common minke whale) (Balaena rostrata)	146	blood microparticle [GO:0072562]; haptoglobin-hemoglobin complex [GO:0031838]; hemoglobin complex [GO:0005833]; haptoglobin binding [GO:0031720]; heme binding [GO:0020037]; hemoglobin alpha binding [GO:0031721]; organic acid binding [GO:0043177]; oxygen binding [GO:0019825]; oxygen carrier activity [GO:0005344]; peroxidase activity [GO:0004601]; hydrogen peroxide catabolic process [GO:0042744]
P67821	HBB_SAPAP	Sapajus apella (Brown-capped capuchin) (Cebus apella)	147	blood microparticle [GO:0072562]; haptoglobin-hemoglobin complex [GO:0031838]; hemoglobin complex [GO:0005833]; haptoglobin binding [GO:0031720]; heme binding [GO:0020037]; hemoglobin alpha binding [GO:0031721]; organic acid binding [GO:0043177]; oxygen binding [GO:0019825]; oxygen carrier activity [GO:0005344]; peroxidase activity [GO:0004601]; hydrogen peroxide catabolic process [GO:0042744]
P68048	HBB1_PANTS	Panthera tigris sumatrae (Sumatran tiger) (Panthera sumatrae)	147	blood microparticle [GO:0072562]; haptoglobin-hemoglobin complex [GO:0031838]; hemoglobin complex [GO:0005833]; haptoglobin binding [GO:0031720]; heme binding [GO:0020037]; hemoglobin alpha binding [GO:0031721]; organic acid binding [GO:0043177]; oxygen binding [GO:0019825]; oxygen carrier activity [GO:0005344]; peroxidase activity [GO:0004601]; hydrogen peroxide catabolic process [GO:0042744]
P68049	HBB1_PANON	Panthera onca (Jaguar) (Felis onca)	147	blood microparticle [GO:0072562]; haptoglobin-hemoglobin complex [GO:0031838]; hemoglobin complex [GO:0005833]; haptoglobin binding [GO:0031720]; heme binding [GO:0020037]; hemoglobin alpha binding [GO:0031721]; organic acid binding [GO:0043177]; oxygen binding [GO:0019825]; oxygen carrier activity [GO:0005344]; peroxidase activity [GO:0004601]; hydrogen peroxide catabolic process [GO:0042744]
P68050	HBB1_PANLE	Panthera leo (Lion)	146	blood microparticle [GO:0072562]; haptoglobin-hemoglobin complex [GO:0031838]; hemoglobin complex [GO:0005833]; haptoglobin binding [GO:0031720]; heme binding [GO:0020037]; hemoglobin alpha binding [GO:0031721]; organic acid binding [GO:0043177]; oxygen binding [GO:0019825]; oxygen carrier activity [GO:0005344]; peroxidase activity [GO:0004601]; hydrogen peroxide catabolic process [GO:0042744]
P68051	HBB1_PANPS	Panthera pardus saxicolor (Northern Persian leopard)	147	blood microparticle [GO:0072562]; haptoglobin-hemoglobin complex [GO:0031838]; hemoglobin complex [GO:0005833]; haptoglobin binding [GO:0031720]; heme binding [GO:0020037]; hemoglobin alpha binding [GO:0031721]; organic acid binding [GO:0043177]; oxygen binding [GO:0019825]; oxygen carrier activity [GO:0005344]; peroxidase activity [GO:0004601]; hydrogen peroxide catabolic process [GO:0042744]
P68056	HBBC_SHEEP	Ovis aries (Sheep)	142	blood microparticle [GO:0072562]; haptoglobin-hemoglobin complex [GO:0031838]; hemoglobin complex [GO:0005833]; haptoglobin binding [GO:0031720]; heme binding [GO:0020037]; hemoglobin alpha binding [GO:0031721]; organic acid binding [GO:0043177]; oxygen binding [GO:0019825]; oxygen carrier activity [GO:0005344]; peroxidase activity [GO:0004601]; hydrogen peroxide catabolic process [GO:0042744]
P68064	HBB2_PANON	Panthera onca (Jaguar) (Felis onca)	147	blood microparticle [GO:0072562]; haptoglobin-hemoglobin complex [GO:0031838]; hemoglobin complex [GO:0005833]; haptoglobin binding [GO:0031720]; heme binding [GO:0020037]; hemoglobin alpha binding [GO:0031721]; organic acid binding [GO:0043177]; oxygen binding [GO:0019825]; oxygen carrier activity [GO:0005344]; peroxidase activity [GO:0004601]; hydrogen peroxide catabolic process [GO:0042744]
P68087	HBB1_CHAMP	Chalinolobus morio (Chocolate-wattled bat) (Lobe-lipped bat)	147	blood microparticle [GO:0072562]; haptoglobin-hemoglobin complex [GO:0031838]; hemoglobin complex [GO:0005833]; haptoglobin binding [GO:0031720]; heme binding [GO:0020037]; hemoglobin alpha binding [GO:0031721]; organic acid binding [GO:0043177]; oxygen binding [GO:0019825]; oxygen carrier activity [GO:0005344]; peroxidase activity [GO:0004601]; hydrogen peroxide catabolic process [GO:0042744]
P68222	HBB_MACFU	Macaca fuscata fuscata (Japanese macaque)	147	blood microparticle [GO:0072562]; haptoglobin-hemoglobin complex [GO:0031838]; hemoglobin complex [GO:0005833]; haptoglobin binding [GO:0031720]; heme binding [GO:0020037]; hemoglobin alpha binding [GO:0031721]; organic acid binding [GO:0043177]; oxygen binding [GO:0019825]; oxygen carrier activity [GO:0005344]; peroxidase activity [GO:0004601]; hydrogen peroxide catabolic process [GO:0042744]
P68223	HBB_MACFA	Macaca fascicularis (Crab-eating macaque) (Cynomolgus monkey)	147	blood microparticle [GO:0072562]; haptoglobin-hemoglobin complex [GO:0031838]; hemoglobin complex [GO:0005833]; haptoglobin binding [GO:0031720]; heme binding [GO:0020037]; hemoglobin alpha binding [GO:0031721]; organic acid binding [GO:0043177]; oxygen binding [GO:0019825]; oxygen carrier activity [GO:0005344]; peroxidase activity [GO:0004601]; hydrogen peroxide catabolic process [GO:0042744]
P68224	HBB_MACAR	Macaca arctoides (Stump-tailed macaque) (Macaca speciosa)	147	blood microparticle [GO:0072562]; haptoglobin-hemoglobin complex [GO:0031838]; hemoglobin complex [GO:0005833]; haptoglobin binding [GO:0031720]; heme binding [GO:0020037]; hemoglobin alpha binding [GO:0031721]; organic acid binding [GO:0043177]; oxygen binding [GO:0019825]; oxygen carrier activity [GO:0005344]; peroxidase activity [GO:0004601]; hydrogen peroxide catabolic process [GO:0042744]
P68225	HBB_MACNE	Macaca nemestrina (Pig-tailed macaque)	147	blood microparticle [GO:0072562]; haptoglobin-hemoglobin complex [GO:0031838]; hemoglobin complex [GO:0005833]; haptoglobin binding [GO:0031720]; heme binding [GO:0020037]; hemoglobin alpha binding [GO:0031721]; organic acid binding [GO:0043177]; oxygen binding [GO:0019825]; oxygen carrier activity [GO:0005344]; peroxidase activity [GO:0004601]; hydrogen peroxide catabolic process [GO:0042744]
P68871	HBB_HUMAN	Homo sapiens (Human)	147	blood microparticle [GO:0072562]; cytosol [GO:0005829]; endocytic vesicle lumen [GO:0071682]; extracellular exosome [GO:0070062]; extracellular region [GO:0005576]; ficolin-1-rich granule lumen [GO:1904813]; haptoglobin-hemoglobin complex [GO:0031838]; hemoglobin complex [GO:0005833]; tertiary granule lumen [GO:1904724]; heme binding [GO:0020037]; hemoglobin alpha binding [GO:0031721]; hemoglobin binding [GO:0030492]; oxygen binding [GO:0019825]; oxygen carrier activity [GO:0005344]; carbon dioxide transport [GO:0015670]; cellular oxidant detoxification [GO:0098869]; erythrocyte development [GO:0048821]; hydrogen peroxide catabolic process [GO:0042744]; inflammatory response [GO:0006954]; nitric oxide transport [GO:0030185]; oxygen transport [GO:0015671]; platelet aggregation [GO:0070527]; positive regulation of nitric oxide biosynthetic process [GO:0045429]; renal absorption [GO:0070293]; response to hydrogen peroxide [GO:0042542]
P68872	HBB_PANPA	Pan paniscus (Pygmy chimpanzee) (Bonobo)	147	blood microparticle [GO:0072562]; haptoglobin-hemoglobin complex [GO:0031838]; hemoglobin complex [GO:0005833]; haptoglobin binding [GO:0031720]; heme binding [GO:0020037]; hemoglobin alpha binding [GO:0031721]; organic acid binding [GO:0043177]; oxygen binding [GO:0019825]; oxygen carrier activity [GO:0005344]; peroxidase activity [GO:0004601]; hydrogen peroxide catabolic process [GO:0042744]; inflammatory response [GO:0006954]; nitric oxide transport [GO:0030185]; renal absorption [GO:0070293]; response to hydrogen peroxide [GO:0042542]
P68873	HBB_PANTR	Pan troglodytes (Chimpanzee)	147	extracellular region [GO:0005576]; haptoglobin-hemoglobin complex [GO:0031838]; hemoglobin complex [GO:0005833]; haptoglobin binding [GO:0031720]; heme binding [GO:0020037]; hemoglobin alpha binding [GO:0031721]; oxygen binding [GO:0019825]; oxygen carrier activity [GO:0005344]; peroxidase activity [GO:0004601]; erythrocyte development [GO:0048821]; hydrogen peroxide catabolic process [GO:0042744]; inflammatory response [GO:0006954]; nitric oxide transport [GO:0030185]; oxygen transport [GO:0015671]; renal absorption [GO:0070293]; response to hydrogen peroxide [GO:0042542]
P80044	HBB_TREBE	Trematomus bernacchii (Emerald rockcod) (Pseudotrematomus bernacchii)	147	blood microparticle [GO:0072562]; haptoglobin-hemoglobin complex [GO:0031838]; hemoglobin complex [GO:0005833]; haptoglobin binding [GO:0031720]; heme binding [GO:0020037]; organic acid binding [GO:0043177]; oxygen binding [GO:0019825]; oxygen carrier activity [GO:0005344]; peroxidase activity [GO:0004601]; hydrogen peroxide catabolic process [GO:0042744]
P84792	HBB_AYTFU	Aythya fuligula (Tufted duck) (Anas fuligula)	147	blood microparticle [GO:0072562]; haptoglobin-hemoglobin complex [GO:0031838]; hemoglobin complex [GO:0005833]; haptoglobin binding [GO:0031720]; heme binding [GO:0020037]; organic acid binding [GO:0043177]; oxygen binding [GO:0019825]; oxygen carrier activity [GO:0005344]; peroxidase activity [GO:0004601]; hydrogen peroxide catabolic process [GO:0042744]; oxygen transport [GO:0015671]
Q6WN22	HBB_ATEPA	Ateles paniscus (Red-faced black spider monkey) (Simia paniscus)	147	blood microparticle [GO:0072562]; haptoglobin-hemoglobin complex [GO:0031838]; hemoglobin complex [GO:0005833]; haptoglobin binding [GO:0031720]; heme binding [GO:0020037]; hemoglobin alpha binding [GO:0031721]; organic acid binding [GO:0043177]; oxygen binding [GO:0019825]; oxygen carrier activity [GO:0005344]; peroxidase activity [GO:0004601]; hydrogen peroxide catabolic process [GO:0042744]
Q7M2Y5	HBB2_CHAMP	Chalinolobus morio (Chocolate-wattled bat) (Lobe-lipped bat)	147	blood microparticle [GO:0072562]; haptoglobin-hemoglobin complex [GO:0031838]; hemoglobin complex [GO:0005833]; haptoglobin binding [GO:0031720]; heme binding [GO:0020037]; hemoglobin alpha binding [GO:0031721]; organic acid binding [GO:0043177]; oxygen binding [GO:0019825]; oxygen carrier activity [GO:0005344]; peroxidase activity [GO:0004601]; hydrogen peroxide catabolic process [GO:0042744]
Q90486	HBB1_DANRE	Danio rerio (Zebrafish) (Brachydanio rerio)	148	haptoglobin-hemoglobin complex [GO:0031838]; hemoglobin complex [GO:0005833]; heme binding [GO:0020037]; oxygen binding [GO:0019825]; oxygen carrier activity [GO:0005344]; erythrocyte development [GO:0048821]; hemopoiesis [GO:0030097]; oxygen transport [GO:0015671]; response to hypoxia [GO:0001666]
B2KHZ4	HBB_RHIFE	Rhinolophus ferrumequinum (Greater horseshoe bat)	147	blood microparticle [GO:0072562]; haptoglobin-hemoglobin complex [GO:0031838]; hemoglobin complex [GO:0005833]; haptoglobin binding [GO:0031720]; heme binding [GO:0020037]; hemoglobin alpha binding [GO:0031721]; organic acid binding [GO:0043177]; oxygen binding [GO:0019825]; oxygen carrier activity [GO:0005344]; peroxidase activity [GO:0004601]; hydrogen peroxide catabolic process [GO:0042744]
C0HJE1	HBB_PALPA	Paleosuchus palpebrosus (Cuvier's smooth-fronted caiman) (Dwarf caiman)	146	blood microparticle [GO:0072562]; haptoglobin-hemoglobin complex [GO:0031838]; hemoglobin complex [GO:0005833]; haptoglobin binding [GO:0031720]; heme binding [GO:0020037]; organic acid binding [GO:0043177]; oxygen binding [GO:0019825]; oxygen carrier activity [GO:0005344]; peroxidase activity [GO:0004601]; hydrogen peroxide catabolic process [GO:0042744]
C0HJT6	HBB1_DISEL	Dissostichus eleginoides (Patagonian toothfish) (Dissostichus amissus)	146	blood microparticle [GO:0072562]; haptoglobin-hemoglobin complex [GO:0031838]; hemoglobin complex [GO:0005833]; haptoglobin binding [GO:0031720]; heme binding [GO:0020037]; organic acid binding [GO:0043177]; oxygen binding [GO:0019825]; oxygen carrier activity [GO:0005344]; peroxidase activity [GO:0004601]; hydrogen peroxide catabolic process [GO:0042744]
C0HJT7	HBB2_DISEL	Dissostichus eleginoides (Patagonian toothfish) (Dissostichus amissus)	146	blood microparticle [GO:0072562]; haptoglobin-hemoglobin complex [GO:0031838]; hemoglobin complex [GO:0005833]; haptoglobin binding [GO:0031720]; heme binding [GO:0020037]; organic acid binding [GO:0043177]; oxygen binding [GO:0019825]; oxygen carrier activity [GO:0005344]; peroxidase activity [GO:0004601]; hydrogen peroxide catabolic process [GO:0042744]
C0HJZ3	HBB1_SOMMI	Somniosus microcephalus (Greenland sleeper shark) (Squalus microcephalus)	128	blood microparticle [GO:0072562]; haptoglobin-hemoglobin complex [GO:0031838]; hemoglobin complex [GO:0005833]; haptoglobin binding [GO:0031720]; heme binding [GO:0020037]; organic acid binding [GO:0043177]; oxygen binding [GO:0019825]; oxygen carrier activity [GO:0005344]; peroxidase activity [GO:0004601]; hydrogen peroxide catabolic process [GO:0042744]
C0HJZ4	HBB2_SOMMI	Somniosus microcephalus (Greenland sleeper shark) (Squalus microcephalus)	135	blood microparticle [GO:0072562]; haptoglobin-hemoglobin complex [GO:0031838]; hemoglobin complex [GO:0005833]; haptoglobin binding [GO:0031720]; heme binding [GO:0020037]; organic acid binding [GO:0043177]; oxygen binding [GO:0019825]; oxygen carrier activity [GO:0005344]; peroxidase activity [GO:0004601]; hydrogen peroxide catabolic process [GO:0042744]
C0HJZ5	HBB3_SOMMI	Somniosus microcephalus (Greenland sleeper shark) (Squalus microcephalus)	135	blood microparticle [GO:0072562]; haptoglobin-hemoglobin complex [GO:0031838]; hemoglobin complex [GO:0005833]; haptoglobin binding [GO:0031720]; heme binding [GO:0020037]; organic acid binding [GO:0043177]; oxygen binding [GO:0019825]; oxygen carrier activity [GO:0005344]; peroxidase activity [GO:0004601]; hydrogen peroxide catabolic process [GO:0042744]
K7N5M6	HBB1_ELEMC	Eleginops maclovinus (Patagonian blennie) (Eleginus maclovinus)	146	blood microparticle [GO:0072562]; haptoglobin-hemoglobin complex [GO:0031838]; hemoglobin complex [GO:0005833]; haptoglobin binding [GO:0031720]; heme binding [GO:0020037]; organic acid binding [GO:0043177]; oxygen binding [GO:0019825]; oxygen carrier activity [GO:0005344]; peroxidase activity [GO:0004601]; hydrogen peroxide catabolic process [GO:0042744]
O09232	HBB_MELAE	Melanogrammus aeglefinus (Haddock) (Gadus aeglefinus)	147	blood microparticle [GO:0072562]; haptoglobin-hemoglobin complex [GO:0031838]; hemoglobin complex [GO:0005833]; haptoglobin binding [GO:0031720]; heme binding [GO:0020037]; organic acid binding [GO:0043177]; oxygen binding [GO:0019825]; oxygen carrier activity [GO:0005344]; peroxidase activity [GO:0004601]; hydrogen peroxide catabolic process [GO:0042744]
O13077	HBB_GADMO	Gadus morhua (Atlantic cod)	147	blood microparticle [GO:0072562]; haptoglobin-hemoglobin complex [GO:0031838]; hemoglobin complex [GO:0005833]; haptoglobin binding [GO:0031720]; heme binding [GO:0020037]; organic acid binding [GO:0043177]; oxygen binding [GO:0019825]; oxygen carrier activity [GO:0005344]; peroxidase activity [GO:0004601]; hydrogen peroxide catabolic process [GO:0042744]
O13078	HBB_MERMR	Merlangius merlangus (Whiting) (Gadus merlangus)	147	blood microparticle [GO:0072562]; haptoglobin-hemoglobin complex [GO:0031838]; hemoglobin complex [GO:0005833]; haptoglobin binding [GO:0031720]; heme binding [GO:0020037]; organic acid binding [GO:0043177]; oxygen binding [GO:0019825]; oxygen carrier activity [GO:0005344]; peroxidase activity [GO:0004601]; hydrogen peroxide catabolic process [GO:0042744]
O13163	HBB_SILAS	Silurus asotus (Amur catfish) (Parasilurus asotus)	148	blood microparticle [GO:0072562]; haptoglobin-hemoglobin complex [GO:0031838]; hemoglobin complex [GO:0005833]; haptoglobin binding [GO:0031720]; heme binding [GO:0020037]; organic acid binding [GO:0043177]; oxygen binding [GO:0019825]; oxygen carrier activity [GO:0005344]; peroxidase activity [GO:0004601]; hydrogen peroxide catabolic process [GO:0042744]
O13164	HBB_DECMA	Decapterus maruadsi (Japanese scad) (Caranx maruadsi)	148	blood microparticle [GO:0072562]; haptoglobin-hemoglobin complex [GO:0031838]; hemoglobin complex [GO:0005833]; haptoglobin binding [GO:0031720]; heme binding [GO:0020037]; organic acid binding [GO:0043177]; oxygen binding [GO:0019825]; oxygen carrier activity [GO:0005344]; peroxidase activity [GO:0004601]; hydrogen peroxide catabolic process [GO:0042744]
O93349	HBB2_TRENE	Trematomus newnesi (Dusky notothen)	147	blood microparticle [GO:0072562]; haptoglobin-hemoglobin complex [GO:0031838]; hemoglobin complex [GO:0005833]; haptoglobin binding [GO:0031720]; heme binding [GO:0020037]; organic acid binding [GO:0043177]; oxygen binding [GO:0019825]; oxygen carrier activity [GO:0005344]; peroxidase activity [GO:0004601]; hydrogen peroxide catabolic process [GO:0042744]
O93351	HBB_TREHA	Trematomus hansoni (Striped rockcod) (Notothenia hansoni)	147	blood microparticle [GO:0072562]; haptoglobin-hemoglobin complex [GO:0031838]; hemoglobin complex [GO:0005833]; haptoglobin binding [GO:0031720]; heme binding [GO:0020037]; organic acid binding [GO:0043177]; oxygen binding [GO:0019825]; oxygen carrier activity [GO:0005344]; peroxidase activity [GO:0004601]; hydrogen peroxide catabolic process [GO:0042744]
P02025	HBB_HYLLA	Hylobates lar (Lar gibbon) (White-handed gibbon)	146	blood microparticle [GO:0072562]; haptoglobin-hemoglobin complex [GO:0031838]; hemoglobin complex [GO:0005833]; haptoglobin binding [GO:0031720]; heme binding [GO:0020037]; hemoglobin alpha binding [GO:0031721]; organic acid binding [GO:0043177]; oxygen binding [GO:0019825]; oxygen carrier activity [GO:0005344]; peroxidase activity [GO:0004601]; hydrogen peroxide catabolic process [GO:0042744]
P02026	HBB_MACMU	Macaca mulatta (Rhesus macaque)	146	haptoglobin-hemoglobin complex [GO:0031838]; hemoglobin complex [GO:0005833]; heme binding [GO:0020037]; hemoglobin alpha binding [GO:0031721]; oxygen binding [GO:0019825]; oxygen carrier activity [GO:0005344]; erythrocyte development [GO:0048821]; oxygen transport [GO:0015671]
P02028	HBB_CHLAE	Chlorocebus aethiops (Green monkey) (Cercopithecus aethiops)	146	blood microparticle [GO:0072562]; haptoglobin-hemoglobin complex [GO:0031838]; hemoglobin complex [GO:0005833]; haptoglobin binding [GO:0031720]; heme binding [GO:0020037]; hemoglobin alpha binding [GO:0031721]; organic acid binding [GO:0043177]; oxygen binding [GO:0019825]; oxygen carrier activity [GO:0005344]; peroxidase activity [GO:0004601]; hydrogen peroxide catabolic process [GO:0042744]
P02029	HBB_THEGE	Theropithecus gelada (Gelada baboon)	146	blood microparticle [GO:0072562]; haptoglobin-hemoglobin complex [GO:0031838]; hemoglobin complex [GO:0005833]; haptoglobin binding [GO:0031720]; heme binding [GO:0020037]; hemoglobin alpha binding [GO:0031721]; organic acid binding [GO:0043177]; oxygen binding [GO:0019825]; oxygen carrier activity [GO:0005344]; peroxidase activity [GO:0004601]; hydrogen peroxide catabolic process [GO:0042744]
P02030	HBB_PAPCY	Papio cynocephalus (Yellow baboon)	146	blood microparticle [GO:0072562]; haptoglobin-hemoglobin complex [GO:0031838]; hemoglobin complex [GO:0005833]; haptoglobin binding [GO:0031720]; heme binding [GO:0020037]; hemoglobin alpha binding [GO:0031721]; organic acid binding [GO:0043177]; oxygen binding [GO:0019825]; oxygen carrier activity [GO:0005344]; peroxidase activity [GO:0004601]; hydrogen peroxide catabolic process [GO:0042744]
P02031	HBB_CERAT	Cercocebus atys (Sooty mangabey) (Cercocebus torquatus atys)	146	blood microparticle [GO:0072562]; haptoglobin-hemoglobin complex [GO:0031838]; hemoglobin complex [GO:0005833]; haptoglobin binding [GO:0031720]; heme binding [GO:0020037]; hemoglobin alpha binding [GO:0031721]; organic acid binding [GO:0043177]; oxygen binding [GO:0019825]; oxygen carrier activity [GO:0005344]; peroxidase activity [GO:0004601]; hydrogen peroxide catabolic process [GO:0042744]
P02032	HBB_SEMEN	Semnopithecus entellus (Northern plains gray langur) (Presbytis entellus)	146	blood microparticle [GO:0072562]; haptoglobin-hemoglobin complex [GO:0031838]; hemoglobin complex [GO:0005833]; haptoglobin binding [GO:0031720]; heme binding [GO:0020037]; hemoglobin alpha binding [GO:0031721]; organic acid binding [GO:0043177]; oxygen binding [GO:0019825]; oxygen carrier activity [GO:0005344]; peroxidase activity [GO:0004601]; hydrogen peroxide catabolic process [GO:0042744]
P02033	HBB_PILBA	Piliocolobus badius (Western red colobus) (Procolobus badius)	146	blood microparticle [GO:0072562]; haptoglobin-hemoglobin complex [GO:0031838]; hemoglobin complex [GO:0005833]; haptoglobin binding [GO:0031720]; heme binding [GO:0020037]; hemoglobin alpha binding [GO:0031721]; organic acid binding [GO:0043177]; oxygen binding [GO:0019825]; oxygen carrier activity [GO:0005344]; peroxidase activity [GO:0004601]; hydrogen peroxide catabolic process [GO:0042744]
P02035	HBB_AOTTR	Aotus trivirgatus (Three-striped night monkey) (Douroucouli)	146	blood microparticle [GO:0072562]; haptoglobin-hemoglobin complex [GO:0031838]; hemoglobin complex [GO:0005833]; haptoglobin binding [GO:0031720]; heme binding [GO:0020037]; hemoglobin alpha binding [GO:0031721]; organic acid binding [GO:0043177]; oxygen binding [GO:0019825]; oxygen carrier activity [GO:0005344]; peroxidase activity [GO:0004601]; hydrogen peroxide catabolic process [GO:0042744]
P02038	HBB_SAGMY	Saguinus mystax (Moustached tamarin)	146	blood microparticle [GO:0072562]; haptoglobin-hemoglobin complex [GO:0031838]; hemoglobin complex [GO:0005833]; haptoglobin binding [GO:0031720]; heme binding [GO:0020037]; hemoglobin alpha binding [GO:0031721]; organic acid binding [GO:0043177]; oxygen binding [GO:0019825]; oxygen carrier activity [GO:0005344]; peroxidase activity [GO:0004601]; hydrogen peroxide catabolic process [GO:0042744]
P02039	HBB_LEOFU	Leontocebus fuscicollis (Brown-mantled tamarin) (Saguinus fuscicollis)	146	blood microparticle [GO:0072562]; haptoglobin-hemoglobin complex [GO:0031838]; hemoglobin complex [GO:0005833]; haptoglobin binding [GO:0031720]; heme binding [GO:0020037]; hemoglobin alpha binding [GO:0031721]; organic acid binding [GO:0043177]; oxygen binding [GO:0019825]; oxygen carrier activity [GO:0005344]; peroxidase activity [GO:0004601]; hydrogen peroxide catabolic process [GO:0042744]
P02040	HBB_CEBAL	Cebus albifrons (White-fronted capuchin)	146	blood microparticle [GO:0072562]; haptoglobin-hemoglobin complex [GO:0031838]; hemoglobin complex [GO:0005833]; haptoglobin binding [GO:0031720]; heme binding [GO:0020037]; hemoglobin alpha binding [GO:0031721]; organic acid binding [GO:0043177]; oxygen binding [GO:0019825]; oxygen carrier activity [GO:0005344]; peroxidase activity [GO:0004601]; hydrogen peroxide catabolic process [GO:0042744]
P02048	HBB_LORTA	Loris tardigradus (Slender loris)	146	blood microparticle [GO:0072562]; haptoglobin-hemoglobin complex [GO:0031838]; hemoglobin complex [GO:0005833]; haptoglobin binding [GO:0031720]; heme binding [GO:0020037]; hemoglobin alpha binding [GO:0031721]; organic acid binding [GO:0043177]; oxygen binding [GO:0019825]; oxygen carrier activity [GO:0005344]; peroxidase activity [GO:0004601]; hydrogen peroxide catabolic process [GO:0042744]
P02049	HBB_NYCCO	Nycticebus coucang (Malaysian slow loris) (Tardigradus coucang)	146	blood microparticle [GO:0072562]; haptoglobin-hemoglobin complex [GO:0031838]; hemoglobin complex [GO:0005833]; haptoglobin binding [GO:0031720]; heme binding [GO:0020037]; hemoglobin alpha binding [GO:0031721]; organic acid binding [GO:0043177]; oxygen binding [GO:0019825]; oxygen carrier activity [GO:0005344]; peroxidase activity [GO:0004601]; hydrogen peroxide catabolic process [GO:0042744]
P02051	HBB_CEPBA	Cephalopachus bancanus (Western tarsier) (Tarsius bancanus)	146	blood microparticle [GO:0072562]; haptoglobin-hemoglobin complex [GO:0031838]; hemoglobin complex [GO:0005833]; haptoglobin binding [GO:0031720]; heme binding [GO:0020037]; hemoglobin alpha binding [GO:0031721]; organic acid binding [GO:0043177]; oxygen binding [GO:0019825]; oxygen carrier activity [GO:0005344]; peroxidase activity [GO:0004601]; hydrogen peroxide catabolic process [GO:0042744]
P02052	HBB_TUPGL	Tupaia glis (Common tree shrew) (Sorex glis)	146	blood microparticle [GO:0072562]; haptoglobin-hemoglobin complex [GO:0031838]; hemoglobin complex [GO:0005833]; haptoglobin binding [GO:0031720]; heme binding [GO:0020037]; hemoglobin alpha binding [GO:0031721]; organic acid binding [GO:0043177]; oxygen binding [GO:0019825]; oxygen carrier activity [GO:0005344]; peroxidase activity [GO:0004601]; hydrogen peroxide catabolic process [GO:0042744]
P02054	HBB_LEMCA	Lemur catta (Ring-tailed lemur)	146	blood microparticle [GO:0072562]; haptoglobin-hemoglobin complex [GO:0031838]; hemoglobin complex [GO:0005833]; haptoglobin binding [GO:0031720]; heme binding [GO:0020037]; hemoglobin alpha binding [GO:0031721]; organic acid binding [GO:0043177]; oxygen binding [GO:0019825]; oxygen carrier activity [GO:0005344]; peroxidase activity [GO:0004601]; hydrogen peroxide catabolic process [GO:0042744]
P02055	HBB_MELME	Meles meles (Eurasian badger)	146	blood microparticle [GO:0072562]; haptoglobin-hemoglobin complex [GO:0031838]; hemoglobin complex [GO:0005833]; haptoglobin binding [GO:0031720]; heme binding [GO:0020037]; hemoglobin alpha binding [GO:0031721]; organic acid binding [GO:0043177]; oxygen binding [GO:0019825]; oxygen carrier activity [GO:0005344]; peroxidase activity [GO:0004601]; hydrogen peroxide catabolic process [GO:0042744]
P02058	HBB_ROUAE	Rousettus aegyptiacus (Egyptian fruit bat) (Pteropus aegyptiacus)	146	blood microparticle [GO:0072562]; haptoglobin-hemoglobin complex [GO:0031838]; hemoglobin complex [GO:0005833]; haptoglobin binding [GO:0031720]; heme binding [GO:0020037]; hemoglobin alpha binding [GO:0031721]; organic acid binding [GO:0043177]; oxygen binding [GO:0019825]; oxygen carrier activity [GO:0005344]; peroxidase activity [GO:0004601]; hydrogen peroxide catabolic process [GO:0042744]
P02059	HBB_ERIEU	Erinaceus europaeus (Western European hedgehog)	146	blood microparticle [GO:0072562]; haptoglobin-hemoglobin complex [GO:0031838]; hemoglobin complex [GO:0005833]; haptoglobin binding [GO:0031720]; heme binding [GO:0020037]; hemoglobin alpha binding [GO:0031721]; organic acid binding [GO:0043177]; oxygen binding [GO:0019825]; oxygen carrier activity [GO:0005344]; peroxidase activity [GO:0004601]; hydrogen peroxide catabolic process [GO:0042744]
P02060	HBB_SUNMU	Suncus murinus (Asian house shrew) (Musk shrew)	146	blood microparticle [GO:0072562]; haptoglobin-hemoglobin complex [GO:0031838]; hemoglobin complex [GO:0005833]; haptoglobin binding [GO:0031720]; heme binding [GO:0020037]; hemoglobin alpha binding [GO:0031721]; organic acid binding [GO:0043177]; oxygen binding [GO:0019825]; oxygen carrier activity [GO:0005344]; peroxidase activity [GO:0004601]; hydrogen peroxide catabolic process [GO:0042744]
P02061	HBB_TALEU	Talpa europaea (European mole)	146	blood microparticle [GO:0072562]; haptoglobin-hemoglobin complex [GO:0031838]; hemoglobin complex [GO:0005833]; haptoglobin binding [GO:0031720]; heme binding [GO:0020037]; hemoglobin alpha binding [GO:0031721]; organic acid binding [GO:0043177]; oxygen binding [GO:0019825]; oxygen carrier activity [GO:0005344]; peroxidase activity [GO:0004601]; hydrogen peroxide catabolic process [GO:0042744]
P02062	HBB_HORSE	Equus caballus (Horse)	146	haptoglobin-hemoglobin complex [GO:0031838]; hemoglobin complex [GO:0005833]; heme binding [GO:0020037]; hemoglobin alpha binding [GO:0031721]; oxygen binding [GO:0019825]; oxygen carrier activity [GO:0005344]; erythrocyte development [GO:0048821]; oxygen transport [GO:0015671]
P02064	HBB1_TAPTE	Tapirus terrestris (Lowland tapir) (Brazilian tapir)	146	blood microparticle [GO:0072562]; haptoglobin-hemoglobin complex [GO:0031838]; hemoglobin complex [GO:0005833]; haptoglobin binding [GO:0031720]; heme binding [GO:0020037]; hemoglobin alpha binding [GO:0031721]; organic acid binding [GO:0043177]; oxygen binding [GO:0019825]; oxygen carrier activity [GO:0005344]; peroxidase activity [GO:0004601]; hydrogen peroxide catabolic process [GO:0042744]
P02065	HBB2_TAPTE	Tapirus terrestris (Lowland tapir) (Brazilian tapir)	146	blood microparticle [GO:0072562]; haptoglobin-hemoglobin complex [GO:0031838]; hemoglobin complex [GO:0005833]; haptoglobin binding [GO:0031720]; heme binding [GO:0020037]; hemoglobin alpha binding [GO:0031721]; organic acid binding [GO:0043177]; oxygen binding [GO:0019825]; oxygen carrier activity [GO:0005344]; peroxidase activity [GO:0004601]; hydrogen peroxide catabolic process [GO:0042744]
P02073	HBB_ALCAA	Alces alces alces (European moose) (Elk)	145	blood microparticle [GO:0072562]; haptoglobin-hemoglobin complex [GO:0031838]; hemoglobin complex [GO:0005833]; haptoglobin binding [GO:0031720]; heme binding [GO:0020037]; hemoglobin alpha binding [GO:0031721]; organic acid binding [GO:0043177]; oxygen binding [GO:0019825]; oxygen carrier activity [GO:0005344]; peroxidase activity [GO:0004601]; hydrogen peroxide catabolic process [GO:0042744]
P02076	HBB_OVIMU	Ovis aries musimon (Mouflon)	145	blood microparticle [GO:0072562]; haptoglobin-hemoglobin complex [GO:0031838]; hemoglobin complex [GO:0005833]; haptoglobin binding [GO:0031720]; heme binding [GO:0020037]; hemoglobin alpha binding [GO:0031721]; organic acid binding [GO:0043177]; oxygen binding [GO:0019825]; oxygen carrier activity [GO:0005344]; peroxidase activity [GO:0004601]; hydrogen peroxide catabolic process [GO:0042744]
P02078	HBBC_CAPHI	Capra hircus (Goat)	142	blood microparticle [GO:0072562]; haptoglobin-hemoglobin complex [GO:0031838]; hemoglobin complex [GO:0005833]; haptoglobin binding [GO:0031720]; heme binding [GO:0020037]; hemoglobin alpha binding [GO:0031721]; organic acid binding [GO:0043177]; oxygen binding [GO:0019825]; oxygen carrier activity [GO:0005344]; peroxidase activity [GO:0004601]; hydrogen peroxide catabolic process [GO:0042744]
P02080	HBBN_AMMLE	Ammotragus lervia (Barbary sheep) (Antilope lervia)	141	blood microparticle [GO:0072562]; haptoglobin-hemoglobin complex [GO:0031838]; hemoglobin complex [GO:0005833]; haptoglobin binding [GO:0031720]; heme binding [GO:0020037]; hemoglobin alpha binding [GO:0031721]; organic acid binding [GO:0043177]; oxygen binding [GO:0019825]; oxygen carrier activity [GO:0005344]; peroxidase activity [GO:0004601]; hydrogen peroxide catabolic process [GO:0042744]
P02084	HBB_ELEMA	Elephas maximus (Indian elephant)	146	blood microparticle [GO:0072562]; haptoglobin-hemoglobin complex [GO:0031838]; hemoglobin complex [GO:0005833]; haptoglobin binding [GO:0031720]; heme binding [GO:0020037]; hemoglobin alpha binding [GO:0031721]; organic acid binding [GO:0043177]; oxygen binding [GO:0019825]; oxygen carrier activity [GO:0005344]; peroxidase activity [GO:0004601]; hydrogen peroxide catabolic process [GO:0042744]
P02085	HBB_LOXAF	Loxodonta africana (African elephant)	146	blood microparticle [GO:0072562]; haptoglobin-hemoglobin complex [GO:0031838]; hemoglobin complex [GO:0005833]; haptoglobin binding [GO:0031720]; heme binding [GO:0020037]; hemoglobin alpha binding [GO:0031721]; organic acid binding [GO:0043177]; oxygen binding [GO:0019825]; oxygen carrier activity [GO:0005344]; peroxidase activity [GO:0004601]; hydrogen peroxide catabolic process [GO:0042744]
P02090	HBB_SPAEH	Spalax ehrenbergi (Middle East blind mole rat) (Nannospalax ehrenbergi)	146	blood microparticle [GO:0072562]; haptoglobin-hemoglobin complex [GO:0031838]; hemoglobin complex [GO:0005833]; haptoglobin binding [GO:0031720]; heme binding [GO:0020037]; hemoglobin alpha binding [GO:0031721]; organic acid binding [GO:0043177]; oxygen binding [GO:0019825]; oxygen carrier activity [GO:0005344]; peroxidase activity [GO:0004601]; hydrogen peroxide catabolic process [GO:0042744]
P02092	HBB_MICXA	Microtus xanthognathus (Yellow-cheeked vole) (Taiga vole)	146	blood microparticle [GO:0072562]; haptoglobin-hemoglobin complex [GO:0031838]; hemoglobin complex [GO:0005833]; haptoglobin binding [GO:0031720]; heme binding [GO:0020037]; hemoglobin alpha binding [GO:0031721]; organic acid binding [GO:0043177]; oxygen binding [GO:0019825]; oxygen carrier activity [GO:0005344]; peroxidase activity [GO:0004601]; hydrogen peroxide catabolic process [GO:0042744]
P02093	HBB_ONDZI	Ondatra zibethicus (Muskrat)	146	blood microparticle [GO:0072562]; haptoglobin-hemoglobin complex [GO:0031838]; hemoglobin complex [GO:0005833]; haptoglobin binding [GO:0031720]; heme binding [GO:0020037]; hemoglobin alpha binding [GO:0031721]; organic acid binding [GO:0043177]; oxygen binding [GO:0019825]; oxygen carrier activity [GO:0005344]; peroxidase activity [GO:0004601]; hydrogen peroxide catabolic process [GO:0042744]
P02095	HBB_CAVPO	Cavia porcellus (Guinea pig)	146	blood microparticle [GO:0072562]; haptoglobin-hemoglobin complex [GO:0031838]; hemoglobin complex [GO:0005833]; haptoglobin binding [GO:0031720]; heme binding [GO:0020037]; hemoglobin alpha binding [GO:0031721]; organic acid binding [GO:0043177]; oxygen binding [GO:0019825]; oxygen carrier activity [GO:0005344]; peroxidase activity [GO:0004601]; hydrogen peroxide catabolic process [GO:0042744]
P02106	HBB_MACGI	Macropus giganteus (Eastern gray kangaroo)	146	blood microparticle [GO:0072562]; haptoglobin-hemoglobin complex [GO:0031838]; hemoglobin complex [GO:0005833]; haptoglobin binding [GO:0031720]; heme binding [GO:0020037]; organic acid binding [GO:0043177]; oxygen binding [GO:0019825]; oxygen carrier activity [GO:0005344]; peroxidase activity [GO:0004601]; hydrogen peroxide catabolic process [GO:0042744]
P02107	HBB_OSPRU	Osphranter rufus (Red kangaroo) (Macropus rufus)	146	blood microparticle [GO:0072562]; haptoglobin-hemoglobin complex [GO:0031838]; hemoglobin complex [GO:0005833]; haptoglobin binding [GO:0031720]; heme binding [GO:0020037]; organic acid binding [GO:0043177]; oxygen binding [GO:0019825]; oxygen carrier activity [GO:0005344]; peroxidase activity [GO:0004601]; hydrogen peroxide catabolic process [GO:0042744]
P02108	HBB_POTTR	Potorous tridactylus (Potoroo)	146	blood microparticle [GO:0072562]; haptoglobin-hemoglobin complex [GO:0031838]; hemoglobin complex [GO:0005833]; haptoglobin binding [GO:0031720]; heme binding [GO:0020037]; organic acid binding [GO:0043177]; oxygen binding [GO:0019825]; oxygen carrier activity [GO:0005344]; peroxidase activity [GO:0004601]; hydrogen peroxide catabolic process [GO:0042744]
P02111	HBB_ORNAN	Ornithorhynchus anatinus (Duckbill platypus)	146	haptoglobin-hemoglobin complex [GO:0031838]; hemoglobin complex [GO:0005833]; heme binding [GO:0020037]; oxygen binding [GO:0019825]; oxygen carrier activity [GO:0005344]; erythrocyte development [GO:0048821]; oxygen transport [GO:0015671]
P02113	HBB_PHACO	Phasianus colchicus colchicus (Black-necked pheasant)	146	blood microparticle [GO:0072562]; haptoglobin-hemoglobin complex [GO:0031838]; hemoglobin complex [GO:0005833]; haptoglobin binding [GO:0031720]; heme binding [GO:0020037]; organic acid binding [GO:0043177]; oxygen binding [GO:0019825]; oxygen carrier activity [GO:0005344]; peroxidase activity [GO:0004601]; hydrogen peroxide catabolic process [GO:0042744]
P02115	HBB_ANAPP	Anas platyrhynchos platyrhynchos (Northern mallard)	146	blood microparticle [GO:0072562]; haptoglobin-hemoglobin complex [GO:0031838]; hemoglobin complex [GO:0005833]; haptoglobin binding [GO:0031720]; heme binding [GO:0020037]; organic acid binding [GO:0043177]; oxygen binding [GO:0019825]; oxygen carrier activity [GO:0005344]; peroxidase activity [GO:0004601]; hydrogen peroxide catabolic process [GO:0042744]
P02116	HBB_ARAAR	Ara ararauna (Blue-and-yellow macaw)	146	blood microparticle [GO:0072562]; haptoglobin-hemoglobin complex [GO:0031838]; hemoglobin complex [GO:0005833]; haptoglobin binding [GO:0031720]; heme binding [GO:0020037]; organic acid binding [GO:0043177]; oxygen binding [GO:0019825]; oxygen carrier activity [GO:0005344]; peroxidase activity [GO:0004601]; hydrogen peroxide catabolic process [GO:0042744]
P02117	HBB_ANSAN	Anser anser anser (Western greylag goose)	146	blood microparticle [GO:0072562]; haptoglobin-hemoglobin complex [GO:0031838]; hemoglobin complex [GO:0005833]; haptoglobin binding [GO:0031720]; heme binding [GO:0020037]; organic acid binding [GO:0043177]; oxygen binding [GO:0019825]; oxygen carrier activity [GO:0005344]; peroxidase activity [GO:0004601]; hydrogen peroxide catabolic process [GO:0042744]
P02118	HBB_ANSIN	Anser indicus (Bar-headed goose) (Anas indica)	146	blood microparticle [GO:0072562]; haptoglobin-hemoglobin complex [GO:0031838]; hemoglobin complex [GO:0005833]; haptoglobin binding [GO:0031720]; heme binding [GO:0020037]; organic acid binding [GO:0043177]; oxygen binding [GO:0019825]; oxygen carrier activity [GO:0005344]; peroxidase activity [GO:0004601]; hydrogen peroxide catabolic process [GO:0042744]
P02120	HBB_ANSSE	Anseranas semipalmata (Magpie goose) (Anas semipalmata)	146	blood microparticle [GO:0072562]; haptoglobin-hemoglobin complex [GO:0031838]; hemoglobin complex [GO:0005833]; haptoglobin binding [GO:0031720]; heme binding [GO:0020037]; organic acid binding [GO:0043177]; oxygen binding [GO:0019825]; oxygen carrier activity [GO:0005344]; peroxidase activity [GO:0004601]; hydrogen peroxide catabolic process [GO:0042744]
P02121	HBB_PHORB	Phoenicopterus ruber (American flamingo) (Caribbean flamingo)	146	blood microparticle [GO:0072562]; haptoglobin-hemoglobin complex [GO:0031838]; hemoglobin complex [GO:0005833]; haptoglobin binding [GO:0031720]; heme binding [GO:0020037]; organic acid binding [GO:0043177]; oxygen binding [GO:0019825]; oxygen carrier activity [GO:0005344]; peroxidase activity [GO:0004601]; hydrogen peroxide catabolic process [GO:0042744]
P02122	HBB_AQUCH	Aquila chrysaetos (Golden eagle)	146	blood microparticle [GO:0072562]; haptoglobin-hemoglobin complex [GO:0031838]; hemoglobin complex [GO:0005833]; haptoglobin binding [GO:0031720]; heme binding [GO:0020037]; organic acid binding [GO:0043177]; oxygen binding [GO:0019825]; oxygen carrier activity [GO:0005344]; peroxidase activity [GO:0004601]; hydrogen peroxide catabolic process [GO:0042744]
P02123	HBB_STRCA	Struthio camelus (Common ostrich)	146	blood microparticle [GO:0072562]; haptoglobin-hemoglobin complex [GO:0031838]; hemoglobin complex [GO:0005833]; haptoglobin binding [GO:0031720]; heme binding [GO:0020037]; organic acid binding [GO:0043177]; oxygen binding [GO:0019825]; oxygen carrier activity [GO:0005344]; peroxidase activity [GO:0004601]; hydrogen peroxide catabolic process [GO:0042744]
P02124	HBB_RHEAM	Rhea americana (Greater rhea) (Common rhea)	146	blood microparticle [GO:0072562]; haptoglobin-hemoglobin complex [GO:0031838]; hemoglobin complex [GO:0005833]; haptoglobin binding [GO:0031720]; heme binding [GO:0020037]; organic acid binding [GO:0043177]; oxygen binding [GO:0019825]; oxygen carrier activity [GO:0005344]; peroxidase activity [GO:0004601]; hydrogen peroxide catabolic process [GO:0042744]
P02125	HBB_CICCI	Ciconia ciconia (White stork)	146	blood microparticle [GO:0072562]; haptoglobin-hemoglobin complex [GO:0031838]; hemoglobin complex [GO:0005833]; haptoglobin binding [GO:0031720]; heme binding [GO:0020037]; organic acid binding [GO:0043177]; oxygen binding [GO:0019825]; oxygen carrier activity [GO:0005344]; peroxidase activity [GO:0004601]; hydrogen peroxide catabolic process [GO:0042744]
P02126	HBB_STUVU	Sturnus vulgaris (Starling)	146	blood microparticle [GO:0072562]; haptoglobin-hemoglobin complex [GO:0031838]; hemoglobin complex [GO:0005833]; haptoglobin binding [GO:0031720]; heme binding [GO:0020037]; organic acid binding [GO:0043177]; oxygen binding [GO:0019825]; oxygen carrier activity [GO:0005344]; peroxidase activity [GO:0004601]; hydrogen peroxide catabolic process [GO:0042744]
P02129	HBB_CRONI	Crocodylus niloticus (Nile crocodile) (African crocodile)	146	blood microparticle [GO:0072562]; haptoglobin-hemoglobin complex [GO:0031838]; hemoglobin complex [GO:0005833]; haptoglobin binding [GO:0031720]; heme binding [GO:0020037]; organic acid binding [GO:0043177]; oxygen binding [GO:0019825]; oxygen carrier activity [GO:0005344]; peroxidase activity [GO:0004601]; hydrogen peroxide catabolic process [GO:0042744]
P02130	HBB_ALLMI	Alligator mississippiensis (American alligator)	146	blood microparticle [GO:0072562]; haptoglobin-hemoglobin complex [GO:0031838]; hemoglobin complex [GO:0005833]; haptoglobin binding [GO:0031720]; heme binding [GO:0020037]; organic acid binding [GO:0043177]; oxygen binding [GO:0019825]; oxygen carrier activity [GO:0005344]; peroxidase activity [GO:0004601]; hydrogen peroxide catabolic process [GO:0042744]
P02131	HBB_CAICR	Caiman crocodilus (Spectacled caiman) (Caiman sclerops)	146	blood microparticle [GO:0072562]; haptoglobin-hemoglobin complex [GO:0031838]; hemoglobin complex [GO:0005833]; haptoglobin binding [GO:0031720]; heme binding [GO:0020037]; organic acid binding [GO:0043177]; oxygen binding [GO:0019825]; oxygen carrier activity [GO:0005344]; peroxidase activity [GO:0004601]; hydrogen peroxide catabolic process [GO:0042744]
P02134	HBB_PELLE	Pelophylax lessonae (Pool frog) (Rana lessonae)	140	blood microparticle [GO:0072562]; haptoglobin-hemoglobin complex [GO:0031838]; hemoglobin complex [GO:0005833]; haptoglobin binding [GO:0031720]; heme binding [GO:0020037]; organic acid binding [GO:0043177]; oxygen binding [GO:0019825]; oxygen carrier activity [GO:0005344]; peroxidase activity [GO:0004601]; hydrogen peroxide catabolic process [GO:0042744]
P02135	HBB_AQUCT	Aquarana catesbeiana (American bullfrog) (Rana catesbeiana)	140	blood microparticle [GO:0072562]; haptoglobin-hemoglobin complex [GO:0031838]; hemoglobin complex [GO:0005833]; haptoglobin binding [GO:0031720]; heme binding [GO:0020037]; organic acid binding [GO:0043177]; oxygen binding [GO:0019825]; oxygen carrier activity [GO:0005344]; peroxidase activity [GO:0004601]; hydrogen peroxide catabolic process [GO:0042744]
P02136	HBB3_AQUCT	Aquarana catesbeiana (American bullfrog) (Rana catesbeiana)	147	blood microparticle [GO:0072562]; haptoglobin-hemoglobin complex [GO:0031838]; hemoglobin complex [GO:0005833]; haptoglobin binding [GO:0031720]; heme binding [GO:0020037]; organic acid binding [GO:0043177]; oxygen binding [GO:0019825]; oxygen carrier activity [GO:0005344]; peroxidase activity [GO:0004601]; hydrogen peroxide catabolic process [GO:0042744]
P02138	HBB_LEPPA	Lepidosiren paradoxus (South American lungfish)	147	blood microparticle [GO:0072562]; haptoglobin-hemoglobin complex [GO:0031838]; hemoglobin complex [GO:0005833]; haptoglobin binding [GO:0031720]; heme binding [GO:0020037]; organic acid binding [GO:0043177]; oxygen binding [GO:0019825]; oxygen carrier activity [GO:0005344]; peroxidase activity [GO:0004601]; hydrogen peroxide catabolic process [GO:0042744]
P02140	HBB_CARAU	Carassius auratus (Goldfish)	147	blood microparticle [GO:0072562]; haptoglobin-hemoglobin complex [GO:0031838]; hemoglobin complex [GO:0005833]; haptoglobin binding [GO:0031720]; heme binding [GO:0020037]; organic acid binding [GO:0043177]; oxygen binding [GO:0019825]; oxygen carrier activity [GO:0005344]; peroxidase activity [GO:0004601]; hydrogen peroxide catabolic process [GO:0042744]
P02142	HBB1_ONCMY	Oncorhynchus mykiss (Rainbow trout) (Salmo gairdneri)	146	blood microparticle [GO:0072562]; haptoglobin-hemoglobin complex [GO:0031838]; hemoglobin complex [GO:0005833]; haptoglobin binding [GO:0031720]; heme binding [GO:0020037]; organic acid binding [GO:0043177]; oxygen binding [GO:0019825]; oxygen carrier activity [GO:0005344]; peroxidase activity [GO:0004601]; hydrogen peroxide catabolic process [GO:0042744]
P02143	HBB_HETPO	Heterodontus portusjacksoni (Port Jackson shark)	141	blood microparticle [GO:0072562]; haptoglobin-hemoglobin complex [GO:0031838]; hemoglobin complex [GO:0005833]; haptoglobin binding [GO:0031720]; heme binding [GO:0020037]; organic acid binding [GO:0043177]; oxygen binding [GO:0019825]; oxygen carrier activity [GO:0005344]; peroxidase activity [GO:0004601]; hydrogen peroxide catabolic process [GO:0042744]
P04245	HBB_TRAST	Tragelaphus strepsiceros (Greater kudu)	145	blood microparticle [GO:0072562]; haptoglobin-hemoglobin complex [GO:0031838]; hemoglobin complex [GO:0005833]; haptoglobin binding [GO:0031720]; heme binding [GO:0020037]; hemoglobin alpha binding [GO:0031721]; organic acid binding [GO:0043177]; oxygen binding [GO:0019825]; oxygen carrier activity [GO:0005344]; peroxidase activity [GO:0004601]; hydrogen peroxide catabolic process [GO:0042744]
P04346	HBBA_BOSJA	Bos javanicus (Wild banteng)	145	blood microparticle [GO:0072562]; haptoglobin-hemoglobin complex [GO:0031838]; hemoglobin complex [GO:0005833]; haptoglobin binding [GO:0031720]; heme binding [GO:0020037]; hemoglobin alpha binding [GO:0031721]; organic acid binding [GO:0043177]; oxygen binding [GO:0019825]; oxygen carrier activity [GO:0005344]; peroxidase activity [GO:0004601]; hydrogen peroxide catabolic process [GO:0042744]
P04443	HBB0_MOUSE	Mus musculus (Mouse)	147	haptoglobin-hemoglobin complex [GO:0031838]; hemoglobin complex [GO:0005833]; heme binding [GO:0020037]; hemoglobin alpha binding [GO:0031721]; oxygen binding [GO:0019825]; oxygen carrier activity [GO:0005344]; erythrocyte development [GO:0048821]; oxygen transport [GO:0015671]
P04444	HBBZ_MOUSE	Mus musculus (Mouse)	147	haptoglobin-hemoglobin complex [GO:0031838]; hemoglobin complex [GO:0005833]; heme binding [GO:0020037]; hemoglobin alpha binding [GO:0031721]; oxygen binding [GO:0019825]; oxygen carrier activity [GO:0005344]; protein-containing complex binding [GO:0044877]; carbon dioxide transport [GO:0015670]; erythrocyte development [GO:0048821]; negative regulation of transcription by RNA polymerase II [GO:0000122]; oxygen transport [GO:0015671]
P07036	HBB_CHLME	Chloephaga melanoptera (Andean goose) (Anser melanopterus)	146	blood microparticle [GO:0072562]; haptoglobin-hemoglobin complex [GO:0031838]; hemoglobin complex [GO:0005833]; haptoglobin binding [GO:0031720]; heme binding [GO:0020037]; organic acid binding [GO:0043177]; oxygen binding [GO:0019825]; oxygen carrier activity [GO:0005344]; peroxidase activity [GO:0004601]; hydrogen peroxide catabolic process [GO:0042744]
P07406	HBB_PASMO	Passer montanus (Eurasian tree sparrow)	146	blood microparticle [GO:0072562]; haptoglobin-hemoglobin complex [GO:0031838]; hemoglobin complex [GO:0005833]; haptoglobin binding [GO:0031720]; heme binding [GO:0020037]; organic acid binding [GO:0043177]; oxygen binding [GO:0019825]; oxygen carrier activity [GO:0005344]; peroxidase activity [GO:0004601]; hydrogen peroxide catabolic process [GO:0042744]
P07409	HBB_SQUAC	Squalus acanthias (Spiny dogfish)	142	blood microparticle [GO:0072562]; haptoglobin-hemoglobin complex [GO:0031838]; hemoglobin complex [GO:0005833]; haptoglobin binding [GO:0031720]; heme binding [GO:0020037]; organic acid binding [GO:0043177]; oxygen binding [GO:0019825]; oxygen carrier activity [GO:0005344]; peroxidase activity [GO:0004601]; hydrogen peroxide catabolic process [GO:0042744]
P07411	HBB_VULGR	Vultur gryphus (Andean condor)	146	blood microparticle [GO:0072562]; haptoglobin-hemoglobin complex [GO:0031838]; hemoglobin complex [GO:0005833]; haptoglobin binding [GO:0031720]; heme binding [GO:0020037]; organic acid binding [GO:0043177]; oxygen binding [GO:0019825]; oxygen carrier activity [GO:0005344]; peroxidase activity [GO:0004601]; hydrogen peroxide catabolic process [GO:0042744]
P07415	HBB_TRIIN	Trichechus inunguis (Amazon manatee) (Brazilian manatee)	146	blood microparticle [GO:0072562]; haptoglobin-hemoglobin complex [GO:0031838]; hemoglobin complex [GO:0005833]; haptoglobin binding [GO:0031720]; heme binding [GO:0020037]; hemoglobin alpha binding [GO:0031721]; organic acid binding [GO:0043177]; oxygen binding [GO:0019825]; oxygen carrier activity [GO:0005344]; peroxidase activity [GO:0004601]; hydrogen peroxide catabolic process [GO:0042744]
P07420	HBB_DASVI	Dasyurus viverrinus (Eastern quoll) (Didelphis viverrina)	87	blood microparticle [GO:0072562]; haptoglobin-hemoglobin complex [GO:0031838]; hemoglobin complex [GO:0005833]; haptoglobin binding [GO:0031720]; heme binding [GO:0020037]; organic acid binding [GO:0043177]; oxygen binding [GO:0019825]; oxygen carrier activity [GO:0005344]; peroxidase activity [GO:0004601]; hydrogen peroxide catabolic process [GO:0042744]
P07429	HBB1_XENTR	Xenopus tropicalis (Western clawed frog) (Silurana tropicalis)	147	haptoglobin-hemoglobin complex [GO:0031838]; hemoglobin complex [GO:0005833]; heme binding [GO:0020037]; oxygen binding [GO:0019825]; oxygen carrier activity [GO:0005344]; erythrocyte development [GO:0048821]; oxygen transport [GO:0015671]
P08259	HBB_MANSP	Mandrillus sphinx (Mandrill) (Papio sphinx)	146	blood microparticle [GO:0072562]; haptoglobin-hemoglobin complex [GO:0031838]; hemoglobin complex [GO:0005833]; haptoglobin binding [GO:0031720]; heme binding [GO:0020037]; hemoglobin alpha binding [GO:0031721]; organic acid binding [GO:0043177]; oxygen binding [GO:0019825]; oxygen carrier activity [GO:0005344]; peroxidase activity [GO:0004601]; hydrogen peroxide catabolic process [GO:0042744]
P08423	HBB2_XENTR	Xenopus tropicalis (Western clawed frog) (Silurana tropicalis)	147	haptoglobin-hemoglobin complex [GO:0031838]; hemoglobin complex [GO:0005833]; heme binding [GO:0020037]; oxygen binding [GO:0019825]; oxygen carrier activity [GO:0005344]; erythrocyte development [GO:0048821]; oxygen transport [GO:0015671]
P08535	HBB_LEPEU	Lepus europaeus (European hare)	147	blood microparticle [GO:0072562]; haptoglobin-hemoglobin complex [GO:0031838]; hemoglobin complex [GO:0005833]; haptoglobin binding [GO:0031720]; heme binding [GO:0020037]; hemoglobin alpha binding [GO:0031721]; organic acid binding [GO:0043177]; oxygen binding [GO:0019825]; oxygen carrier activity [GO:0005344]; peroxidase activity [GO:0004601]; hydrogen peroxide catabolic process [GO:0042744]
P08851	HBB_ASTGE	Astur gentilis (Northern goshawk) (Accipiter gentilis)	146	blood microparticle [GO:0072562]; haptoglobin-hemoglobin complex [GO:0031838]; hemoglobin complex [GO:0005833]; haptoglobin binding [GO:0031720]; heme binding [GO:0020037]; organic acid binding [GO:0043177]; oxygen binding [GO:0019825]; oxygen carrier activity [GO:0005344]; peroxidase activity [GO:0004601]; hydrogen peroxide catabolic process [GO:0042744]
P08853	HBB_MARMA	Marmota marmota marmota (Alpine marmot)	146	blood microparticle [GO:0072562]; haptoglobin-hemoglobin complex [GO:0031838]; hemoglobin complex [GO:0005833]; haptoglobin binding [GO:0031720]; heme binding [GO:0020037]; hemoglobin alpha binding [GO:0031721]; organic acid binding [GO:0043177]; oxygen binding [GO:0019825]; oxygen carrier activity [GO:0005344]; peroxidase activity [GO:0004601]; hydrogen peroxide catabolic process [GO:0042744]
P09421	HBB_SPECI	Spermophilus citellus (European ground squirrel) (Citellus citellus)	146	blood microparticle [GO:0072562]; haptoglobin-hemoglobin complex [GO:0031838]; hemoglobin complex [GO:0005833]; haptoglobin binding [GO:0031720]; heme binding [GO:0020037]; hemoglobin alpha binding [GO:0031721]; organic acid binding [GO:0043177]; oxygen binding [GO:0019825]; oxygen carrier activity [GO:0005344]; peroxidase activity [GO:0004601]; hydrogen peroxide catabolic process [GO:0042744]
P09422	HBB_BISBO	Bison bonasus (European bison)	145	blood microparticle [GO:0072562]; haptoglobin-hemoglobin complex [GO:0031838]; hemoglobin complex [GO:0005833]; haptoglobin binding [GO:0031720]; heme binding [GO:0020037]; hemoglobin alpha binding [GO:0031721]; organic acid binding [GO:0043177]; oxygen binding [GO:0019825]; oxygen carrier activity [GO:0005344]; peroxidase activity [GO:0004601]; hydrogen peroxide catabolic process [GO:0042744]
P09840	HBB_MACCA	Macrotus californicus (Californian leaf-nosed bat)	146	blood microparticle [GO:0072562]; haptoglobin-hemoglobin complex [GO:0031838]; hemoglobin complex [GO:0005833]; haptoglobin binding [GO:0031720]; heme binding [GO:0020037]; hemoglobin alpha binding [GO:0031721]; organic acid binding [GO:0043177]; oxygen binding [GO:0019825]; oxygen carrier activity [GO:0005344]; peroxidase activity [GO:0004601]; hydrogen peroxide catabolic process [GO:0042744]
P09907	HBB_RHIUN	Rhinoceros unicornis (Greater Indian rhinoceros)	146	blood microparticle [GO:0072562]; haptoglobin-hemoglobin complex [GO:0031838]; hemoglobin complex [GO:0005833]; haptoglobin binding [GO:0031720]; heme binding [GO:0020037]; hemoglobin alpha binding [GO:0031721]; organic acid binding [GO:0043177]; oxygen binding [GO:0019825]; oxygen carrier activity [GO:0005344]; peroxidase activity [GO:0004601]; hydrogen peroxide catabolic process [GO:0042744]
P09909	HBB_PHOVI	Phoca vitulina (Harbor seal)	146	blood microparticle [GO:0072562]; haptoglobin-hemoglobin complex [GO:0031838]; hemoglobin complex [GO:0005833]; haptoglobin binding [GO:0031720]; heme binding [GO:0020037]; hemoglobin alpha binding [GO:0031721]; organic acid binding [GO:0043177]; oxygen binding [GO:0019825]; oxygen carrier activity [GO:0005344]; peroxidase activity [GO:0004601]; hydrogen peroxide catabolic process [GO:0042744]
P0C0U8	HBB1_DRYME	Drymarchon melanurus erebennus (Texas indigo snake) (Drymarchon corais erebennus)	146	blood microparticle [GO:0072562]; haptoglobin-hemoglobin complex [GO:0031838]; hemoglobin complex [GO:0005833]; haptoglobin binding [GO:0031720]; heme binding [GO:0020037]; organic acid binding [GO:0043177]; oxygen binding [GO:0019825]; oxygen carrier activity [GO:0005344]; peroxidase activity [GO:0004601]; hydrogen peroxide catabolic process [GO:0042744]
P0C239	HBB_ARTOR	Artedidraco orianae (Barbeled plunderfish)	146	blood microparticle [GO:0072562]; haptoglobin-hemoglobin complex [GO:0031838]; hemoglobin complex [GO:0005833]; haptoglobin binding [GO:0031720]; heme binding [GO:0020037]; organic acid binding [GO:0043177]; oxygen binding [GO:0019825]; oxygen carrier activity [GO:0005344]; peroxidase activity [GO:0004601]; hydrogen peroxide catabolic process [GO:0042744]
P0C240	HBB_POGSC	Pogonophryne scotti (Saddleback plunderfish) (Antarctic fish)	146	blood microparticle [GO:0072562]; haptoglobin-hemoglobin complex [GO:0031838]; hemoglobin complex [GO:0005833]; haptoglobin binding [GO:0031720]; heme binding [GO:0020037]; organic acid binding [GO:0043177]; oxygen binding [GO:0019825]; oxygen carrier activity [GO:0005344]; peroxidase activity [GO:0004601]; hydrogen peroxide catabolic process [GO:0042744]
P10058	HBB_EUDCH	Eudyptes chrysocome (Western rockhopper penguin) (Aptenodytes chrysocome)	146	blood microparticle [GO:0072562]; haptoglobin-hemoglobin complex [GO:0031838]; hemoglobin complex [GO:0005833]; haptoglobin binding [GO:0031720]; heme binding [GO:0020037]; organic acid binding [GO:0043177]; oxygen binding [GO:0019825]; oxygen carrier activity [GO:0005344]; peroxidase activity [GO:0004601]; hydrogen peroxide catabolic process [GO:0042744]
P10060	HBB1_SPHPU	Sphenodon punctatus (Tuatara) (Hatteria punctata)	146	blood microparticle [GO:0072562]; haptoglobin-hemoglobin complex [GO:0031838]; hemoglobin complex [GO:0005833]; haptoglobin binding [GO:0031720]; heme binding [GO:0020037]; organic acid binding [GO:0043177]; oxygen binding [GO:0019825]; oxygen carrier activity [GO:0005344]; peroxidase activity [GO:0004601]; hydrogen peroxide catabolic process [GO:0042744]
P10061	HBB2_SPHPU	Sphenodon punctatus (Tuatara) (Hatteria punctata)	146	blood microparticle [GO:0072562]; haptoglobin-hemoglobin complex [GO:0031838]; hemoglobin complex [GO:0005833]; haptoglobin binding [GO:0031720]; heme binding [GO:0020037]; organic acid binding [GO:0043177]; oxygen binding [GO:0019825]; oxygen carrier activity [GO:0005344]; peroxidase activity [GO:0004601]; hydrogen peroxide catabolic process [GO:0042744]
P10782	HBB_PHACA	Phalacrocorax carbo (Great cormorant) (Pelecanus carbo)	146	blood microparticle [GO:0072562]; haptoglobin-hemoglobin complex [GO:0031838]; hemoglobin complex [GO:0005833]; haptoglobin binding [GO:0031720]; heme binding [GO:0020037]; organic acid binding [GO:0043177]; oxygen binding [GO:0019825]; oxygen carrier activity [GO:0005344]; peroxidase activity [GO:0004601]; hydrogen peroxide catabolic process [GO:0042744]
P10785	HBB1_TRICR	Triturus cristatus (Great crested newt) (Warty newt)	145	blood microparticle [GO:0072562]; haptoglobin-hemoglobin complex [GO:0031838]; hemoglobin complex [GO:0005833]; haptoglobin binding [GO:0031720]; heme binding [GO:0020037]; organic acid binding [GO:0043177]; oxygen binding [GO:0019825]; oxygen carrier activity [GO:0005344]; peroxidase activity [GO:0004601]; hydrogen peroxide catabolic process [GO:0042744]
P10786	HBB2_TRICR	Triturus cristatus (Great crested newt) (Warty newt)	145	blood microparticle [GO:0072562]; haptoglobin-hemoglobin complex [GO:0031838]; hemoglobin complex [GO:0005833]; haptoglobin binding [GO:0031720]; heme binding [GO:0020037]; organic acid binding [GO:0043177]; oxygen binding [GO:0019825]; oxygen carrier activity [GO:0005344]; peroxidase activity [GO:0004601]; hydrogen peroxide catabolic process [GO:0042744]
P10893	HBB_LUTLU	Lutra lutra (European river otter)	146	blood microparticle [GO:0072562]; haptoglobin-hemoglobin complex [GO:0031838]; hemoglobin complex [GO:0005833]; haptoglobin binding [GO:0031720]; heme binding [GO:0020037]; hemoglobin alpha binding [GO:0031721]; organic acid binding [GO:0043177]; oxygen binding [GO:0019825]; oxygen carrier activity [GO:0005344]; peroxidase activity [GO:0004601]; hydrogen peroxide catabolic process [GO:0042744]
P11342	HBB_COLLI	Columba livia (Rock dove)	146	blood microparticle [GO:0072562]; haptoglobin-hemoglobin complex [GO:0031838]; hemoglobin complex [GO:0005833]; haptoglobin binding [GO:0031720]; heme binding [GO:0020037]; organic acid binding [GO:0043177]; oxygen binding [GO:0019825]; oxygen carrier activity [GO:0005344]; peroxidase activity [GO:0004601]; hydrogen peroxide catabolic process [GO:0042744]
P11749	HBB_THUTH	Thunnus thynnus (Atlantic bluefin tuna) (Scomber thynnus)	146	blood microparticle [GO:0072562]; haptoglobin-hemoglobin complex [GO:0031838]; hemoglobin complex [GO:0005833]; haptoglobin binding [GO:0031720]; heme binding [GO:0020037]; organic acid binding [GO:0043177]; oxygen binding [GO:0019825]; oxygen carrier activity [GO:0005344]; peroxidase activity [GO:0004601]; hydrogen peroxide catabolic process [GO:0042744]
P11752	HBB_LYRLY	Lyroderma lyra (Greater Asian false-vampire bat) (Megaderma lyra)	146	blood microparticle [GO:0072562]; haptoglobin-hemoglobin complex [GO:0031838]; hemoglobin complex [GO:0005833]; haptoglobin binding [GO:0031720]; heme binding [GO:0020037]; hemoglobin alpha binding [GO:0031721]; organic acid binding [GO:0043177]; oxygen binding [GO:0019825]; oxygen carrier activity [GO:0005344]; peroxidase activity [GO:0004601]; hydrogen peroxide catabolic process [GO:0042744]
P11754	HBB_CYNSP	Cynopterus sphinx (Indian short-nosed fruit bat)	146	blood microparticle [GO:0072562]; haptoglobin-hemoglobin complex [GO:0031838]; hemoglobin complex [GO:0005833]; haptoglobin binding [GO:0031720]; heme binding [GO:0020037]; hemoglobin alpha binding [GO:0031721]; organic acid binding [GO:0043177]; oxygen binding [GO:0019825]; oxygen carrier activity [GO:0005344]; peroxidase activity [GO:0004601]; hydrogen peroxide catabolic process [GO:0042744]
P11756	HBB_TADBR	Tadarida brasiliensis (Brazilian free-tailed bat)	146	blood microparticle [GO:0072562]; haptoglobin-hemoglobin complex [GO:0031838]; hemoglobin complex [GO:0005833]; haptoglobin binding [GO:0031720]; heme binding [GO:0020037]; hemoglobin alpha binding [GO:0031721]; organic acid binding [GO:0043177]; oxygen binding [GO:0019825]; oxygen carrier activity [GO:0005344]; peroxidase activity [GO:0004601]; hydrogen peroxide catabolic process [GO:0042744]
P11758	HBB_MYOVE	Myotis velifer (Mouse-eared bat) (Cave bat)	146	blood microparticle [GO:0072562]; haptoglobin-hemoglobin complex [GO:0031838]; hemoglobin complex [GO:0005833]; haptoglobin binding [GO:0031720]; heme binding [GO:0020037]; hemoglobin alpha binding [GO:0031721]; organic acid binding [GO:0043177]; oxygen binding [GO:0019825]; oxygen carrier activity [GO:0005344]; peroxidase activity [GO:0004601]; hydrogen peroxide catabolic process [GO:0042744]
P13274	HBB_CHRPI	Chrysemys picta bellii (Western painted turtle) (Emys bellii)	146	blood microparticle [GO:0072562]; haptoglobin-hemoglobin complex [GO:0031838]; hemoglobin complex [GO:0005833]; haptoglobin binding [GO:0031720]; heme binding [GO:0020037]; organic acid binding [GO:0043177]; oxygen binding [GO:0019825]; oxygen carrier activity [GO:0005344]; peroxidase activity [GO:0004601]; hydrogen peroxide catabolic process [GO:0042744]
P13557	HBB_CARSF	Carlito syrichta (Philippine tarsier) (Tarsius syrichta)	147	blood microparticle [GO:0072562]; haptoglobin-hemoglobin complex [GO:0031838]; hemoglobin complex [GO:0005833]; haptoglobin binding [GO:0031720]; heme binding [GO:0020037]; hemoglobin alpha binding [GO:0031721]; organic acid binding [GO:0043177]; oxygen binding [GO:0019825]; oxygen carrier activity [GO:0005344]; peroxidase activity [GO:0004601]; hydrogen peroxide catabolic process [GO:0042744]
P14260	HBB_CAIMO	Cairina moschata (Muscovy duck)	147	blood microparticle [GO:0072562]; haptoglobin-hemoglobin complex [GO:0031838]; hemoglobin complex [GO:0005833]; haptoglobin binding [GO:0031720]; heme binding [GO:0020037]; organic acid binding [GO:0043177]; oxygen binding [GO:0019825]; oxygen carrier activity [GO:0005344]; peroxidase activity [GO:0004601]; hydrogen peroxide catabolic process [GO:0042744]
P14388	HBB_ANTPA	Antrozous pallidus (Pallid bat) (Vespertilio pallidus)	146	blood microparticle [GO:0072562]; haptoglobin-hemoglobin complex [GO:0031838]; hemoglobin complex [GO:0005833]; haptoglobin binding [GO:0031720]; heme binding [GO:0020037]; hemoglobin alpha binding [GO:0031721]; organic acid binding [GO:0043177]; oxygen binding [GO:0019825]; oxygen carrier activity [GO:0005344]; peroxidase activity [GO:0004601]; hydrogen peroxide catabolic process [GO:0042744]
P14391	HBB_PTEAL	Pteropus alecto (Black flying fox)	146	blood microparticle [GO:0072562]; haptoglobin-hemoglobin complex [GO:0031838]; hemoglobin complex [GO:0005833]; haptoglobin binding [GO:0031720]; heme binding [GO:0020037]; hemoglobin alpha binding [GO:0031721]; organic acid binding [GO:0043177]; oxygen binding [GO:0019825]; oxygen carrier activity [GO:0005344]; peroxidase activity [GO:0004601]; hydrogen peroxide catabolic process [GO:0042744]
P14392	HBB_PTEPO	Pteropus poliocephalus (Grey-headed flying fox)	146	blood microparticle [GO:0072562]; haptoglobin-hemoglobin complex [GO:0031838]; hemoglobin complex [GO:0005833]; haptoglobin binding [GO:0031720]; heme binding [GO:0020037]; hemoglobin alpha binding [GO:0031721]; organic acid binding [GO:0043177]; oxygen binding [GO:0019825]; oxygen carrier activity [GO:0005344]; peroxidase activity [GO:0004601]; hydrogen peroxide catabolic process [GO:0042744]
P14521	HBB_ELEEL	Electrophorus electricus (Electric eel) (Gymnotus electricus)	147	blood microparticle [GO:0072562]; haptoglobin-hemoglobin complex [GO:0031838]; hemoglobin complex [GO:0005833]; haptoglobin binding [GO:0031720]; heme binding [GO:0020037]; organic acid binding [GO:0043177]; oxygen binding [GO:0019825]; oxygen carrier activity [GO:0005344]; peroxidase activity [GO:0004601]; hydrogen peroxide catabolic process [GO:0042744]
P14524	HBB_TURME	Turdus merula (Common blackbird)	146	blood microparticle [GO:0072562]; haptoglobin-hemoglobin complex [GO:0031838]; hemoglobin complex [GO:0005833]; haptoglobin binding [GO:0031720]; heme binding [GO:0020037]; organic acid binding [GO:0043177]; oxygen binding [GO:0019825]; oxygen carrier activity [GO:0005344]; peroxidase activity [GO:0004601]; hydrogen peroxide catabolic process [GO:0042744]
P15165	HBB_APUAP	Apus apus (Common swift)	146	blood microparticle [GO:0072562]; haptoglobin-hemoglobin complex [GO:0031838]; hemoglobin complex [GO:0005833]; haptoglobin binding [GO:0031720]; heme binding [GO:0020037]; organic acid binding [GO:0043177]; oxygen binding [GO:0019825]; oxygen carrier activity [GO:0005344]; peroxidase activity [GO:0004601]; hydrogen peroxide catabolic process [GO:0042744]
P15166	HBB_LEPWE	Leptonychotes weddellii (Weddell seal) (Otaria weddellii)	146	blood microparticle [GO:0072562]; haptoglobin-hemoglobin complex [GO:0031838]; hemoglobin complex [GO:0005833]; haptoglobin binding [GO:0031720]; heme binding [GO:0020037]; hemoglobin alpha binding [GO:0031721]; organic acid binding [GO:0043177]; oxygen binding [GO:0019825]; oxygen carrier activity [GO:0005344]; peroxidase activity [GO:0004601]; hydrogen peroxide catabolic process [GO:0042744]
P15449	HBB_MELCA	Mellivora capensis (Ratel) (Honey badger)	146	blood microparticle [GO:0072562]; haptoglobin-hemoglobin complex [GO:0031838]; hemoglobin complex [GO:0005833]; haptoglobin binding [GO:0031720]; heme binding [GO:0020037]; hemoglobin alpha binding [GO:0031721]; organic acid binding [GO:0043177]; oxygen binding [GO:0019825]; oxygen carrier activity [GO:0005344]; peroxidase activity [GO:0004601]; hydrogen peroxide catabolic process [GO:0042744]
P16309	HBB_NOTNE	Notothenia neglecta (Yellowbelly rockcod) (Notothenia coriiceps neglecta)	146	blood microparticle [GO:0072562]; haptoglobin-hemoglobin complex [GO:0031838]; hemoglobin complex [GO:0005833]; haptoglobin binding [GO:0031720]; heme binding [GO:0020037]; organic acid binding [GO:0043177]; oxygen binding [GO:0019825]; oxygen carrier activity [GO:0005344]; peroxidase activity [GO:0004601]; hydrogen peroxide catabolic process [GO:0042744]
P16418	HBB_ERYML	Erythrolamprus miliaris (South American water snake) (Liophis miliaris)	146	blood microparticle [GO:0072562]; haptoglobin-hemoglobin complex [GO:0031838]; hemoglobin complex [GO:0005833]; haptoglobin binding [GO:0031720]; heme binding [GO:0020037]; organic acid binding [GO:0043177]; oxygen binding [GO:0019825]; oxygen carrier activity [GO:0005344]; peroxidase activity [GO:0004601]; hydrogen peroxide catabolic process [GO:0042744]
P18707	HBB_MESBR	Mesocricetus brandti (Brandt's hamster) (Turkish hamster)	146	blood microparticle [GO:0072562]; haptoglobin-hemoglobin complex [GO:0031838]; hemoglobin complex [GO:0005833]; haptoglobin binding [GO:0031720]; heme binding [GO:0020037]; hemoglobin alpha binding [GO:0031721]; organic acid binding [GO:0043177]; oxygen binding [GO:0019825]; oxygen carrier activity [GO:0005344]; peroxidase activity [GO:0004601]; hydrogen peroxide catabolic process [GO:0042744]
P18982	HBB_AILFU	Ailurus fulgens (Himalayan red panda)	146	blood microparticle [GO:0072562]; haptoglobin-hemoglobin complex [GO:0031838]; hemoglobin complex [GO:0005833]; haptoglobin binding [GO:0031720]; heme binding [GO:0020037]; hemoglobin alpha binding [GO:0031721]; organic acid binding [GO:0043177]; oxygen binding [GO:0019825]; oxygen carrier activity [GO:0005344]; peroxidase activity [GO:0004601]; hydrogen peroxide catabolic process [GO:0042744]
P18985	HBB_MICAD	Mico argentatus (Silvery marmoset) (Callithrix argentata)	146	blood microparticle [GO:0072562]; haptoglobin-hemoglobin complex [GO:0031838]; hemoglobin complex [GO:0005833]; haptoglobin binding [GO:0031720]; heme binding [GO:0020037]; hemoglobin alpha binding [GO:0031721]; organic acid binding [GO:0043177]; oxygen binding [GO:0019825]; oxygen carrier activity [GO:0005344]; peroxidase activity [GO:0004601]; hydrogen peroxide catabolic process [GO:0042744]
P18986	HBB_CROCR	Crocuta crocuta (Spotted hyena)	146	blood microparticle [GO:0072562]; haptoglobin-hemoglobin complex [GO:0031838]; hemoglobin complex [GO:0005833]; haptoglobin binding [GO:0031720]; heme binding [GO:0020037]; hemoglobin alpha binding [GO:0031721]; organic acid binding [GO:0043177]; oxygen binding [GO:0019825]; oxygen carrier activity [GO:0005344]; peroxidase activity [GO:0004601]; hydrogen peroxide catabolic process [GO:0042744]
P18987	HBB1_IGUIG	Iguana iguana (Common iguana)	146	blood microparticle [GO:0072562]; haptoglobin-hemoglobin complex [GO:0031838]; hemoglobin complex [GO:0005833]; haptoglobin binding [GO:0031720]; heme binding [GO:0020037]; organic acid binding [GO:0043177]; oxygen binding [GO:0019825]; oxygen carrier activity [GO:0005344]; peroxidase activity [GO:0004601]; hydrogen peroxide catabolic process [GO:0042744]
P18988	HBB2_PANLE	Panthera leo (Lion)	146	blood microparticle [GO:0072562]; haptoglobin-hemoglobin complex [GO:0031838]; hemoglobin complex [GO:0005833]; haptoglobin binding [GO:0031720]; heme binding [GO:0020037]; hemoglobin alpha binding [GO:0031721]; organic acid binding [GO:0043177]; oxygen binding [GO:0019825]; oxygen carrier activity [GO:0005344]; peroxidase activity [GO:0004601]; hydrogen peroxide catabolic process [GO:0042744]
P18989	HBB_PROLO	Procyon lotor (Raccoon)	146	blood microparticle [GO:0072562]; haptoglobin-hemoglobin complex [GO:0031838]; hemoglobin complex [GO:0005833]; haptoglobin binding [GO:0031720]; heme binding [GO:0020037]; hemoglobin alpha binding [GO:0031721]; organic acid binding [GO:0043177]; oxygen binding [GO:0019825]; oxygen carrier activity [GO:0005344]; peroxidase activity [GO:0004601]; hydrogen peroxide catabolic process [GO:0042744]
P18990	HBB_TURTR	Tursiops truncatus (Atlantic bottle-nosed dolphin) (Delphinus truncatus)	146	blood microparticle [GO:0072562]; haptoglobin-hemoglobin complex [GO:0031838]; hemoglobin complex [GO:0005833]; haptoglobin binding [GO:0031720]; heme binding [GO:0020037]; hemoglobin alpha binding [GO:0031721]; organic acid binding [GO:0043177]; oxygen binding [GO:0019825]; oxygen carrier activity [GO:0005344]; peroxidase activity [GO:0004601]; hydrogen peroxide catabolic process [GO:0042744]
P18991	HBB1_SAAHA	Saara hardwickii (Indian spiny-tailed lizard) (Uromastyx hardwickii)	146	blood microparticle [GO:0072562]; haptoglobin-hemoglobin complex [GO:0031838]; hemoglobin complex [GO:0005833]; haptoglobin binding [GO:0031720]; heme binding [GO:0020037]; organic acid binding [GO:0043177]; oxygen binding [GO:0019825]; oxygen carrier activity [GO:0005344]; peroxidase activity [GO:0004601]; hydrogen peroxide catabolic process [GO:0042744]
P18993	HBB1_VARAL	Varanus albigularis (White-throated monitor) (Varanus exanthematicus albigularis)	146	blood microparticle [GO:0072562]; haptoglobin-hemoglobin complex [GO:0031838]; hemoglobin complex [GO:0005833]; haptoglobin binding [GO:0031720]; heme binding [GO:0020037]; organic acid binding [GO:0043177]; oxygen binding [GO:0019825]; oxygen carrier activity [GO:0005344]; peroxidase activity [GO:0004601]; hydrogen peroxide catabolic process [GO:0042744]
P19016	HBB_HIPAM	Hippopotamus amphibius (Hippopotamus)	146	blood microparticle [GO:0072562]; haptoglobin-hemoglobin complex [GO:0031838]; hemoglobin complex [GO:0005833]; haptoglobin binding [GO:0031720]; heme binding [GO:0020037]; hemoglobin alpha binding [GO:0031721]; organic acid binding [GO:0043177]; oxygen binding [GO:0019825]; oxygen carrier activity [GO:0005344]; peroxidase activity [GO:0004601]; hydrogen peroxide catabolic process [GO:0042744]
P19646	HBB_PAGLA	Paguma larvata (Masked palm civet)	146	blood microparticle [GO:0072562]; haptoglobin-hemoglobin complex [GO:0031838]; hemoglobin complex [GO:0005833]; haptoglobin binding [GO:0031720]; heme binding [GO:0020037]; hemoglobin alpha binding [GO:0031721]; organic acid binding [GO:0043177]; oxygen binding [GO:0019825]; oxygen carrier activity [GO:0005344]; peroxidase activity [GO:0004601]; hydrogen peroxide catabolic process [GO:0042744]
P19885	HBB_COLPO	Colobus polykomos (Western black-and-white colobus monkey)	147	blood microparticle [GO:0072562]; haptoglobin-hemoglobin complex [GO:0031838]; hemoglobin complex [GO:0005833]; haptoglobin binding [GO:0031720]; heme binding [GO:0020037]; hemoglobin alpha binding [GO:0031721]; organic acid binding [GO:0043177]; oxygen binding [GO:0019825]; oxygen carrier activity [GO:0005344]; peroxidase activity [GO:0004601]; hydrogen peroxide catabolic process [GO:0042744]
P20246	HBB1_TORMA	Torpedo marmorata (Marbled electric ray)	142	blood microparticle [GO:0072562]; haptoglobin-hemoglobin complex [GO:0031838]; hemoglobin complex [GO:0005833]; haptoglobin binding [GO:0031720]; heme binding [GO:0020037]; organic acid binding [GO:0043177]; oxygen binding [GO:0019825]; oxygen carrier activity [GO:0005344]; peroxidase activity [GO:0004601]; hydrogen peroxide catabolic process [GO:0042744]
P20247	HBB2_TORMA	Torpedo marmorata (Marbled electric ray)	142	blood microparticle [GO:0072562]; haptoglobin-hemoglobin complex [GO:0031838]; hemoglobin complex [GO:0005833]; haptoglobin binding [GO:0031720]; heme binding [GO:0020037]; organic acid binding [GO:0043177]; oxygen binding [GO:0019825]; oxygen carrier activity [GO:0005344]; peroxidase activity [GO:0004601]; hydrogen peroxide catabolic process [GO:0042744]
P20855	HBB_CTEGU	Ctenodactylus gundi (Northern gundi)	146	blood microparticle [GO:0072562]; haptoglobin-hemoglobin complex [GO:0031838]; hemoglobin complex [GO:0005833]; haptoglobin binding [GO:0031720]; heme binding [GO:0020037]; hemoglobin alpha binding [GO:0031721]; organic acid binding [GO:0043177]; oxygen binding [GO:0019825]; oxygen carrier activity [GO:0005344]; peroxidase activity [GO:0004601]; hydrogen peroxide catabolic process [GO:0042744]
P21201	HBB_VULVU	Vulpes vulpes (Red fox)	146	blood microparticle [GO:0072562]; haptoglobin-hemoglobin complex [GO:0031838]; hemoglobin complex [GO:0005833]; haptoglobin binding [GO:0031720]; heme binding [GO:0020037]; hemoglobin alpha binding [GO:0031721]; organic acid binding [GO:0043177]; oxygen binding [GO:0019825]; oxygen carrier activity [GO:0005344]; peroxidase activity [GO:0004601]; hydrogen peroxide catabolic process [GO:0042744]
P21380	HBB_RANTA	Rangifer tarandus (Reindeer) (Cervus tarandus)	145	blood microparticle [GO:0072562]; haptoglobin-hemoglobin complex [GO:0031838]; hemoglobin complex [GO:0005833]; haptoglobin binding [GO:0031720]; heme binding [GO:0020037]; hemoglobin alpha binding [GO:0031721]; organic acid binding [GO:0043177]; oxygen binding [GO:0019825]; oxygen carrier activity [GO:0005344]; peroxidase activity [GO:0004601]; hydrogen peroxide catabolic process [GO:0042744]
P21667	HBB_VARVI	Varecia variegata (Black-and-white ruffed lemur) (Lemur macaco variegatus)	146	blood microparticle [GO:0072562]; haptoglobin-hemoglobin complex [GO:0031838]; hemoglobin complex [GO:0005833]; haptoglobin binding [GO:0031720]; heme binding [GO:0020037]; hemoglobin alpha binding [GO:0031721]; organic acid binding [GO:0043177]; oxygen binding [GO:0019825]; oxygen carrier activity [GO:0005344]; peroxidase activity [GO:0004601]; hydrogen peroxide catabolic process [GO:0042744]
P21668	HBB_PSIKR	Psittacula krameri (Rose-ringed parakeet)	146	blood microparticle [GO:0072562]; haptoglobin-hemoglobin complex [GO:0031838]; hemoglobin complex [GO:0005833]; haptoglobin binding [GO:0031720]; heme binding [GO:0020037]; organic acid binding [GO:0043177]; oxygen binding [GO:0019825]; oxygen carrier activity [GO:0005344]; peroxidase activity [GO:0004601]; hydrogen peroxide catabolic process [GO:0042744]
P22742	HBB_FRAPO	Francolinus pondicerianus (Grey francolin) (Tetrao pondicerianus)	146	blood microparticle [GO:0072562]; haptoglobin-hemoglobin complex [GO:0031838]; hemoglobin complex [GO:0005833]; haptoglobin binding [GO:0031720]; heme binding [GO:0020037]; organic acid binding [GO:0043177]; oxygen binding [GO:0019825]; oxygen carrier activity [GO:0005344]; peroxidase activity [GO:0004601]; hydrogen peroxide catabolic process [GO:0042744]
P22743	HBB2_NAJNA	Naja naja (Indian cobra)	146	blood microparticle [GO:0072562]; haptoglobin-hemoglobin complex [GO:0031838]; hemoglobin complex [GO:0005833]; haptoglobin binding [GO:0031720]; heme binding [GO:0020037]; organic acid binding [GO:0043177]; oxygen binding [GO:0019825]; oxygen carrier activity [GO:0005344]; peroxidase activity [GO:0004601]; hydrogen peroxide catabolic process [GO:0042744]
P23017	HBB1_CYGMA	Cygnodraco mawsoni (Antarctic dragonfish)	147	blood microparticle [GO:0072562]; haptoglobin-hemoglobin complex [GO:0031838]; hemoglobin complex [GO:0005833]; haptoglobin binding [GO:0031720]; heme binding [GO:0020037]; organic acid binding [GO:0043177]; oxygen binding [GO:0019825]; oxygen carrier activity [GO:0005344]; peroxidase activity [GO:0004601]; hydrogen peroxide catabolic process [GO:0042744]
P23018	HBB2_CYGMA	Cygnodraco mawsoni (Antarctic dragonfish)	146	blood microparticle [GO:0072562]; haptoglobin-hemoglobin complex [GO:0031838]; hemoglobin complex [GO:0005833]; haptoglobin binding [GO:0031720]; heme binding [GO:0020037]; organic acid binding [GO:0043177]; oxygen binding [GO:0019825]; oxygen carrier activity [GO:0005344]; peroxidase activity [GO:0004601]; hydrogen peroxide catabolic process [GO:0042744]
P23020	HBB_PROCR	Proteles cristata (Aardwolf)	146	blood microparticle [GO:0072562]; haptoglobin-hemoglobin complex [GO:0031838]; hemoglobin complex [GO:0005833]; haptoglobin binding [GO:0031720]; heme binding [GO:0020037]; hemoglobin alpha binding [GO:0031721]; organic acid binding [GO:0043177]; oxygen binding [GO:0019825]; oxygen carrier activity [GO:0005344]; peroxidase activity [GO:0004601]; hydrogen peroxide catabolic process [GO:0042744]
P23602	HBB_MUSLU	Mustela lutreola (European mink)	146	blood microparticle [GO:0072562]; haptoglobin-hemoglobin complex [GO:0031838]; hemoglobin complex [GO:0005833]; haptoglobin binding [GO:0031720]; heme binding [GO:0020037]; hemoglobin alpha binding [GO:0031721]; organic acid binding [GO:0043177]; oxygen binding [GO:0019825]; oxygen carrier activity [GO:0005344]; peroxidase activity [GO:0004601]; hydrogen peroxide catabolic process [GO:0042744]
P23741	HBB_LATCH	Latimeria chalumnae (Coelacanth)	146	blood microparticle [GO:0072562]; haptoglobin-hemoglobin complex [GO:0031838]; hemoglobin complex [GO:0005833]; haptoglobin binding [GO:0031720]; heme binding [GO:0020037]; organic acid binding [GO:0043177]; oxygen binding [GO:0019825]; oxygen carrier activity [GO:0005344]; peroxidase activity [GO:0004601]; hydrogen peroxide catabolic process [GO:0042744]
P24292	HBB_ECHTE	Echinops telfairi (Lesser hedgehog tenrec)	146	blood microparticle [GO:0072562]; haptoglobin-hemoglobin complex [GO:0031838]; hemoglobin complex [GO:0005833]; haptoglobin binding [GO:0031720]; heme binding [GO:0020037]; hemoglobin alpha binding [GO:0031721]; organic acid binding [GO:0043177]; oxygen binding [GO:0019825]; oxygen carrier activity [GO:0005344]; peroxidase activity [GO:0004601]; hydrogen peroxide catabolic process [GO:0042744]
P24660	HBB_MACGG	Macroderma gigas (Australian ghost bat)	146	blood microparticle [GO:0072562]; haptoglobin-hemoglobin complex [GO:0031838]; hemoglobin complex [GO:0005833]; haptoglobin binding [GO:0031720]; heme binding [GO:0020037]; hemoglobin alpha binding [GO:0031721]; organic acid binding [GO:0043177]; oxygen binding [GO:0019825]; oxygen carrier activity [GO:0005344]; peroxidase activity [GO:0004601]; hydrogen peroxide catabolic process [GO:0042744]
P26916	HBB_NASNA	Nasua nasua (Ring-tailed coati)	146	blood microparticle [GO:0072562]; haptoglobin-hemoglobin complex [GO:0031838]; hemoglobin complex [GO:0005833]; haptoglobin binding [GO:0031720]; heme binding [GO:0020037]; hemoglobin alpha binding [GO:0031721]; organic acid binding [GO:0043177]; oxygen binding [GO:0019825]; oxygen carrier activity [GO:0005344]; peroxidase activity [GO:0004601]; hydrogen peroxide catabolic process [GO:0042744]
P28781	HBB_TAPGE	Taphozous georgianus (Sharp-nosed tomb bat) (Taphozous australis georgianus)	146	blood microparticle [GO:0072562]; haptoglobin-hemoglobin complex [GO:0031838]; hemoglobin complex [GO:0005833]; haptoglobin binding [GO:0031720]; heme binding [GO:0020037]; hemoglobin alpha binding [GO:0031721]; organic acid binding [GO:0043177]; oxygen binding [GO:0019825]; oxygen carrier activity [GO:0005344]; peroxidase activity [GO:0004601]; hydrogen peroxide catabolic process [GO:0042744]
P29625	HBB_GYMAC	Gymnodraco acuticeps (Antarctic dragonfish)	147	blood microparticle [GO:0072562]; haptoglobin-hemoglobin complex [GO:0031838]; hemoglobin complex [GO:0005833]; haptoglobin binding [GO:0031720]; heme binding [GO:0020037]; organic acid binding [GO:0043177]; oxygen binding [GO:0019825]; oxygen carrier activity [GO:0005344]; peroxidase activity [GO:0004601]; hydrogen peroxide catabolic process [GO:0042744]
P29626	HBBY_MESAU	Mesocricetus auratus (Golden hamster)	147	blood microparticle [GO:0072562]; haptoglobin-hemoglobin complex [GO:0031838]; hemoglobin complex [GO:0005833]; haptoglobin binding [GO:0031720]; heme binding [GO:0020037]; hemoglobin alpha binding [GO:0031721]; organic acid binding [GO:0043177]; oxygen binding [GO:0019825]; oxygen carrier activity [GO:0005344]; peroxidase activity [GO:0004601]; hydrogen peroxide catabolic process [GO:0042744]
P29627	HBBZ_MESAU	Mesocricetus auratus (Golden hamster)	102	blood microparticle [GO:0072562]; haptoglobin-hemoglobin complex [GO:0031838]; hemoglobin complex [GO:0005833]; haptoglobin binding [GO:0031720]; heme binding [GO:0020037]; hemoglobin alpha binding [GO:0031721]; organic acid binding [GO:0043177]; oxygen binding [GO:0019825]; oxygen carrier activity [GO:0005344]; peroxidase activity [GO:0004601]; hydrogen peroxide catabolic process [GO:0042744]
P29628	HBB_NOTAN	Notothenia angustata (Rockcod)	146	blood microparticle [GO:0072562]; haptoglobin-hemoglobin complex [GO:0031838]; hemoglobin complex [GO:0005833]; haptoglobin binding [GO:0031720]; heme binding [GO:0020037]; organic acid binding [GO:0043177]; oxygen binding [GO:0019825]; oxygen carrier activity [GO:0005344]; peroxidase activity [GO:0004601]; hydrogen peroxide catabolic process [GO:0042744]
P30893	HBB_COTJA	Coturnix japonica (Japanese quail) (Coturnix coturnix japonica)	146	blood microparticle [GO:0072562]; haptoglobin-hemoglobin complex [GO:0031838]; hemoglobin complex [GO:0005833]; haptoglobin binding [GO:0031720]; heme binding [GO:0020037]; organic acid binding [GO:0043177]; oxygen binding [GO:0019825]; oxygen carrier activity [GO:0005344]; peroxidase activity [GO:0004601]; hydrogen peroxide catabolic process [GO:0042744]
P41328	HBB_LYNLY	Lynx lynx (Eurasian lynx) (Felis lynx)	146	blood microparticle [GO:0072562]; haptoglobin-hemoglobin complex [GO:0031838]; hemoglobin complex [GO:0005833]; haptoglobin binding [GO:0031720]; heme binding [GO:0020037]; hemoglobin alpha binding [GO:0031721]; organic acid binding [GO:0043177]; oxygen binding [GO:0019825]; oxygen carrier activity [GO:0005344]; peroxidase activity [GO:0004601]; hydrogen peroxide catabolic process [GO:0042744]
P41332	HBB_MICGB	Microcephalophis gracilis (Graceful small-headed sea snake) (Hydrus gracilis)	146	blood microparticle [GO:0072562]; haptoglobin-hemoglobin complex [GO:0031838]; hemoglobin complex [GO:0005833]; haptoglobin binding [GO:0031720]; heme binding [GO:0020037]; organic acid binding [GO:0043177]; oxygen binding [GO:0019825]; oxygen carrier activity [GO:0005344]; peroxidase activity [GO:0004601]; hydrogen peroxide catabolic process [GO:0042744]
P45720	HBB_TRENE	Trematomus newnesi (Dusky notothen)	146	blood microparticle [GO:0072562]; haptoglobin-hemoglobin complex [GO:0031838]; hemoglobin complex [GO:0005833]; haptoglobin binding [GO:0031720]; heme binding [GO:0020037]; organic acid binding [GO:0043177]; oxygen binding [GO:0019825]; oxygen carrier activity [GO:0005344]; peroxidase activity [GO:0004601]; hydrogen peroxide catabolic process [GO:0042744]
P45721	HBBC_TRENE	Trematomus newnesi (Dusky notothen)	146	blood microparticle [GO:0072562]; haptoglobin-hemoglobin complex [GO:0031838]; hemoglobin complex [GO:0005833]; haptoglobin binding [GO:0031720]; heme binding [GO:0020037]; organic acid binding [GO:0043177]; oxygen binding [GO:0019825]; oxygen carrier activity [GO:0005344]; peroxidase activity [GO:0004601]; hydrogen peroxide catabolic process [GO:0042744]
P45722	HBBC_TREBE	Trematomus bernacchii (Emerald rockcod) (Pseudotrematomus bernacchii)	146	blood microparticle [GO:0072562]; haptoglobin-hemoglobin complex [GO:0031838]; hemoglobin complex [GO:0005833]; haptoglobin binding [GO:0031720]; heme binding [GO:0020037]; organic acid binding [GO:0043177]; oxygen binding [GO:0019825]; oxygen carrier activity [GO:0005344]; peroxidase activity [GO:0004601]; hydrogen peroxide catabolic process [GO:0042744]
P56251	HBB_LEIXA	Leiostomus xanthurus (Spot)	147	blood microparticle [GO:0072562]; haptoglobin-hemoglobin complex [GO:0031838]; hemoglobin complex [GO:0005833]; haptoglobin binding [GO:0031720]; heme binding [GO:0020037]; organic acid binding [GO:0043177]; oxygen binding [GO:0019825]; oxygen carrier activity [GO:0005344]; peroxidase activity [GO:0004601]; hydrogen peroxide catabolic process [GO:0042744]
P56692	HBB_HEMAK	Hemitrygon akajei (Red stingray) (Dasyatis akajei)	142	blood microparticle [GO:0072562]; haptoglobin-hemoglobin complex [GO:0031838]; hemoglobin complex [GO:0005833]; haptoglobin binding [GO:0031720]; heme binding [GO:0020037]; organic acid binding [GO:0043177]; oxygen binding [GO:0019825]; oxygen carrier activity [GO:0005344]; peroxidase activity [GO:0004601]; hydrogen peroxide catabolic process [GO:0042744]
P60524	HBB_CANLF	Canis lupus familiaris (Dog) (Canis familiaris)	146	haptoglobin-hemoglobin complex [GO:0031838]; hemoglobin complex [GO:0005833]; heme binding [GO:0020037]; hemoglobin alpha binding [GO:0031721]; oxygen binding [GO:0019825]; oxygen carrier activity [GO:0005344]; erythrocyte development [GO:0048821]; oxygen transport [GO:0015671]
P60525	HBB_CANLA	Canis latrans (Coyote)	146	blood microparticle [GO:0072562]; haptoglobin-hemoglobin complex [GO:0031838]; hemoglobin complex [GO:0005833]; haptoglobin binding [GO:0031720]; heme binding [GO:0020037]; hemoglobin alpha binding [GO:0031721]; organic acid binding [GO:0043177]; oxygen binding [GO:0019825]; oxygen carrier activity [GO:0005344]; peroxidase activity [GO:0004601]; hydrogen peroxide catabolic process [GO:0042744]
P60526	HBB_CHRBR	Chrysocyon brachyurus (Maned wolf)	146	blood microparticle [GO:0072562]; haptoglobin-hemoglobin complex [GO:0031838]; hemoglobin complex [GO:0005833]; haptoglobin binding [GO:0031720]; heme binding [GO:0020037]; hemoglobin alpha binding [GO:0031721]; organic acid binding [GO:0043177]; oxygen binding [GO:0019825]; oxygen carrier activity [GO:0005344]; peroxidase activity [GO:0004601]; hydrogen peroxide catabolic process [GO:0042744]
P67819	HBB_BOSGF	Bos gaurus frontalis (Domestic gayal) (Bos frontalis)	145	blood microparticle [GO:0072562]; haptoglobin-hemoglobin complex [GO:0031838]; hemoglobin complex [GO:0005833]; haptoglobin binding [GO:0031720]; heme binding [GO:0020037]; hemoglobin alpha binding [GO:0031721]; organic acid binding [GO:0043177]; oxygen binding [GO:0019825]; oxygen carrier activity [GO:0005344]; peroxidase activity [GO:0004601]; hydrogen peroxide catabolic process [GO:0042744]
P67820	HBB_BUBBU	Bubalus bubalis (Domestic water buffalo)	145	blood microparticle [GO:0072562]; haptoglobin-hemoglobin complex [GO:0031838]; hemoglobin complex [GO:0005833]; haptoglobin binding [GO:0031720]; heme binding [GO:0020037]; hemoglobin alpha binding [GO:0031721]; organic acid binding [GO:0043177]; oxygen binding [GO:0019825]; oxygen carrier activity [GO:0005344]; peroxidase activity [GO:0004601]; hydrogen peroxide catabolic process [GO:0042744]
P67822	HBB_CEBCA	Cebus capucinus (White-faced sapajou)	146	blood microparticle [GO:0072562]; haptoglobin-hemoglobin complex [GO:0031838]; hemoglobin complex [GO:0005833]; haptoglobin binding [GO:0031720]; heme binding [GO:0020037]; hemoglobin alpha binding [GO:0031721]; organic acid binding [GO:0043177]; oxygen binding [GO:0019825]; oxygen carrier activity [GO:0005344]; peroxidase activity [GO:0004601]; hydrogen peroxide catabolic process [GO:0042744]
P67823	HBB_EQUHE	Equus hemionus kulan (Turkmenian kulan) (Equus onager kulan)	146	blood microparticle [GO:0072562]; haptoglobin-hemoglobin complex [GO:0031838]; hemoglobin complex [GO:0005833]; haptoglobin binding [GO:0031720]; heme binding [GO:0020037]; hemoglobin alpha binding [GO:0031721]; organic acid binding [GO:0043177]; oxygen binding [GO:0019825]; oxygen carrier activity [GO:0005344]; peroxidase activity [GO:0004601]; hydrogen peroxide catabolic process [GO:0042744]
P67824	HBB_EQUZE	Equus zebra (Mountain zebra)	146	blood microparticle [GO:0072562]; haptoglobin-hemoglobin complex [GO:0031838]; hemoglobin complex [GO:0005833]; haptoglobin binding [GO:0031720]; heme binding [GO:0020037]; hemoglobin alpha binding [GO:0031721]; organic acid binding [GO:0043177]; oxygen binding [GO:0019825]; oxygen carrier activity [GO:0005344]; peroxidase activity [GO:0004601]; hydrogen peroxide catabolic process [GO:0042744]
P68011	HBB_URSMA	Ursus maritimus (Polar bear) (Thalarctos maritimus)	146	blood microparticle [GO:0072562]; haptoglobin-hemoglobin complex [GO:0031838]; hemoglobin complex [GO:0005833]; haptoglobin binding [GO:0031720]; heme binding [GO:0020037]; hemoglobin alpha binding [GO:0031721]; organic acid binding [GO:0043177]; oxygen binding [GO:0019825]; oxygen carrier activity [GO:0005344]; peroxidase activity [GO:0004601]; hydrogen peroxide catabolic process [GO:0042744]
P68012	HBB_URSTH	Ursus thibetanus (Asiatic black bear) (Selenarctos thibetanus)	146	blood microparticle [GO:0072562]; haptoglobin-hemoglobin complex [GO:0031838]; hemoglobin complex [GO:0005833]; haptoglobin binding [GO:0031720]; heme binding [GO:0020037]; hemoglobin alpha binding [GO:0031721]; organic acid binding [GO:0043177]; oxygen binding [GO:0019825]; oxygen carrier activity [GO:0005344]; peroxidase activity [GO:0004601]; hydrogen peroxide catabolic process [GO:0042744]
P68013	HBB_HELMA	Helarctos malayanus (Malayan sun bear) (Ursus malayanus)	146	blood microparticle [GO:0072562]; haptoglobin-hemoglobin complex [GO:0031838]; hemoglobin complex [GO:0005833]; haptoglobin binding [GO:0031720]; heme binding [GO:0020037]; hemoglobin alpha binding [GO:0031721]; organic acid binding [GO:0043177]; oxygen binding [GO:0019825]; oxygen carrier activity [GO:0005344]; peroxidase activity [GO:0004601]; hydrogen peroxide catabolic process [GO:0042744]
P68044	HBB_MUSPF	Mustela putorius furo (European domestic ferret) (Mustela furo)	146	blood microparticle [GO:0072562]; haptoglobin-hemoglobin complex [GO:0031838]; hemoglobin complex [GO:0005833]; haptoglobin binding [GO:0031720]; heme binding [GO:0020037]; hemoglobin alpha binding [GO:0031721]; organic acid binding [GO:0043177]; oxygen binding [GO:0019825]; oxygen carrier activity [GO:0005344]; peroxidase activity [GO:0004601]; hydrogen peroxide catabolic process [GO:0042744]
P68045	HBB_MUSPU	Mustela putorius (European polecat)	146	blood microparticle [GO:0072562]; haptoglobin-hemoglobin complex [GO:0031838]; hemoglobin complex [GO:0005833]; haptoglobin binding [GO:0031720]; heme binding [GO:0020037]; hemoglobin alpha binding [GO:0031721]; organic acid binding [GO:0043177]; oxygen binding [GO:0019825]; oxygen carrier activity [GO:0005344]; peroxidase activity [GO:0004601]; hydrogen peroxide catabolic process [GO:0042744]
P68046	HBB_ODORO	Odobenus rosmarus divergens (Pacific walrus)	146	blood microparticle [GO:0072562]; haptoglobin-hemoglobin complex [GO:0031838]; hemoglobin complex [GO:0005833]; haptoglobin binding [GO:0031720]; heme binding [GO:0020037]; hemoglobin alpha binding [GO:0031721]; organic acid binding [GO:0043177]; oxygen binding [GO:0019825]; oxygen carrier activity [GO:0005344]; peroxidase activity [GO:0004601]; hydrogen peroxide catabolic process [GO:0042744]
P68047	HBB_ARCGA	Arctocephalus galapagoensis (Galapagoes fur seal) (Arctocephalus australis galapagoensis)	146	blood microparticle [GO:0072562]; haptoglobin-hemoglobin complex [GO:0031838]; hemoglobin complex [GO:0005833]; haptoglobin binding [GO:0031720]; heme binding [GO:0020037]; hemoglobin alpha binding [GO:0031721]; organic acid binding [GO:0043177]; oxygen binding [GO:0019825]; oxygen carrier activity [GO:0005344]; peroxidase activity [GO:0004601]; hydrogen peroxide catabolic process [GO:0042744]
P68052	HBB_PTEBR	Pteronura brasiliensis (Giant otter)	146	blood microparticle [GO:0072562]; haptoglobin-hemoglobin complex [GO:0031838]; hemoglobin complex [GO:0005833]; haptoglobin binding [GO:0031720]; heme binding [GO:0020037]; hemoglobin alpha binding [GO:0031721]; organic acid binding [GO:0043177]; oxygen binding [GO:0019825]; oxygen carrier activity [GO:0005344]; peroxidase activity [GO:0004601]; hydrogen peroxide catabolic process [GO:0042744]
P68053	HBB_MARFO	Martes foina (Beech marten)	146	blood microparticle [GO:0072562]; haptoglobin-hemoglobin complex [GO:0031838]; hemoglobin complex [GO:0005833]; haptoglobin binding [GO:0031720]; heme binding [GO:0020037]; hemoglobin alpha binding [GO:0031721]; organic acid binding [GO:0043177]; oxygen binding [GO:0019825]; oxygen carrier activity [GO:0005344]; peroxidase activity [GO:0004601]; hydrogen peroxide catabolic process [GO:0042744]
P68054	HBB_LEONI	Leontocebus nigricollis (Black-mantled tamarin) (Saguinus nigricollis)	146	blood microparticle [GO:0072562]; haptoglobin-hemoglobin complex [GO:0031838]; hemoglobin complex [GO:0005833]; haptoglobin binding [GO:0031720]; heme binding [GO:0020037]; hemoglobin alpha binding [GO:0031721]; organic acid binding [GO:0043177]; oxygen binding [GO:0019825]; oxygen carrier activity [GO:0005344]; peroxidase activity [GO:0004601]; hydrogen peroxide catabolic process [GO:0042744]
P68055	HBB_SAGOE	Saguinus oedipus (Cotton-top tamarin) (Oedipomidas oedipus)	146	blood microparticle [GO:0072562]; haptoglobin-hemoglobin complex [GO:0031838]; hemoglobin complex [GO:0005833]; haptoglobin binding [GO:0031720]; heme binding [GO:0020037]; hemoglobin alpha binding [GO:0031721]; organic acid binding [GO:0043177]; oxygen binding [GO:0019825]; oxygen carrier activity [GO:0005344]; peroxidase activity [GO:0004601]; hydrogen peroxide catabolic process [GO:0042744]
P68057	HBBC_OVIMU	Ovis aries musimon (Mouflon)	141	blood microparticle [GO:0072562]; haptoglobin-hemoglobin complex [GO:0031838]; hemoglobin complex [GO:0005833]; haptoglobin binding [GO:0031720]; heme binding [GO:0020037]; hemoglobin alpha binding [GO:0031721]; organic acid binding [GO:0043177]; oxygen binding [GO:0019825]; oxygen carrier activity [GO:0005344]; peroxidase activity [GO:0004601]; hydrogen peroxide catabolic process [GO:0042744]
P68058	HBBC_AMMLE	Ammotragus lervia (Barbary sheep) (Antilope lervia)	141	blood microparticle [GO:0072562]; haptoglobin-hemoglobin complex [GO:0031838]; hemoglobin complex [GO:0005833]; haptoglobin binding [GO:0031720]; heme binding [GO:0020037]; hemoglobin alpha binding [GO:0031721]; organic acid binding [GO:0043177]; oxygen binding [GO:0019825]; oxygen carrier activity [GO:0005344]; peroxidase activity [GO:0004601]; hydrogen peroxide catabolic process [GO:0042744]
P68061	HBB_AEGMO	Aegypius monachus (Cinereous vulture)	146	blood microparticle [GO:0072562]; haptoglobin-hemoglobin complex [GO:0031838]; hemoglobin complex [GO:0005833]; haptoglobin binding [GO:0031720]; heme binding [GO:0020037]; organic acid binding [GO:0043177]; oxygen binding [GO:0019825]; oxygen carrier activity [GO:0005344]; peroxidase activity [GO:0004601]; hydrogen peroxide catabolic process [GO:0042744]
P68062	HBB_TRIOC	Trigonoceps occipitalis (White-headed vulture) (Aegypius occipitalis)	146	blood microparticle [GO:0072562]; haptoglobin-hemoglobin complex [GO:0031838]; hemoglobin complex [GO:0005833]; haptoglobin binding [GO:0031720]; heme binding [GO:0020037]; organic acid binding [GO:0043177]; oxygen binding [GO:0019825]; oxygen carrier activity [GO:0005344]; peroxidase activity [GO:0004601]; hydrogen peroxide catabolic process [GO:0042744]
P68063	HBB_GYPRU	Gyps rueppelli (Rueppell's griffon) (Vultur rueppellii)	146	blood microparticle [GO:0072562]; haptoglobin-hemoglobin complex [GO:0031838]; hemoglobin complex [GO:0005833]; haptoglobin binding [GO:0031720]; heme binding [GO:0020037]; organic acid binding [GO:0043177]; oxygen binding [GO:0019825]; oxygen carrier activity [GO:0005344]; peroxidase activity [GO:0004601]; hydrogen peroxide catabolic process [GO:0042744]
P68065	HBB2_PANPS	Panthera pardus saxicolor (Northern Persian leopard)	146	blood microparticle [GO:0072562]; haptoglobin-hemoglobin complex [GO:0031838]; hemoglobin complex [GO:0005833]; haptoglobin binding [GO:0031720]; heme binding [GO:0020037]; hemoglobin alpha binding [GO:0031721]; organic acid binding [GO:0043177]; oxygen binding [GO:0019825]; oxygen carrier activity [GO:0005344]; peroxidase activity [GO:0004601]; hydrogen peroxide catabolic process [GO:0042744]
P68194	HBB2_PANTS	Panthera tigris sumatrae (Sumatran tiger) (Panthera sumatrae)	146	blood microparticle [GO:0072562]; haptoglobin-hemoglobin complex [GO:0031838]; hemoglobin complex [GO:0005833]; haptoglobin binding [GO:0031720]; heme binding [GO:0020037]; hemoglobin alpha binding [GO:0031721]; organic acid binding [GO:0043177]; oxygen binding [GO:0019825]; oxygen carrier activity [GO:0005344]; peroxidase activity [GO:0004601]; hydrogen peroxide catabolic process [GO:0042744]
P68226	HBB_LAMGL	Lama glama (Llama)	147	blood microparticle [GO:0072562]; haptoglobin-hemoglobin complex [GO:0031838]; hemoglobin complex [GO:0005833]; haptoglobin binding [GO:0031720]; heme binding [GO:0020037]; hemoglobin alpha binding [GO:0031721]; organic acid binding [GO:0043177]; oxygen binding [GO:0019825]; oxygen carrier activity [GO:0005344]; peroxidase activity [GO:0004601]; hydrogen peroxide catabolic process [GO:0042744]
P68227	HBB_LAMVI	Lama vicugna (Vicugna) (Vicugna vicugna)	147	blood microparticle [GO:0072562]; haptoglobin-hemoglobin complex [GO:0031838]; hemoglobin complex [GO:0005833]; haptoglobin binding [GO:0031720]; heme binding [GO:0020037]; hemoglobin alpha binding [GO:0031721]; organic acid binding [GO:0043177]; oxygen binding [GO:0019825]; oxygen carrier activity [GO:0005344]; peroxidase activity [GO:0004601]; hydrogen peroxide catabolic process [GO:0042744]
P68228	HBB_VICPA	Vicugna pacos (Alpaca) (Lama pacos)	147	blood microparticle [GO:0072562]; haptoglobin-hemoglobin complex [GO:0031838]; hemoglobin complex [GO:0005833]; haptoglobin binding [GO:0031720]; heme binding [GO:0020037]; hemoglobin alpha binding [GO:0031721]; organic acid binding [GO:0043177]; oxygen binding [GO:0019825]; oxygen carrier activity [GO:0005344]; peroxidase activity [GO:0004601]; hydrogen peroxide catabolic process [GO:0042744]
P68229	HBB_LAMGU	Lama guanicoe (Guanaco) (Lama glama guanicoe)	147	blood microparticle [GO:0072562]; haptoglobin-hemoglobin complex [GO:0031838]; hemoglobin complex [GO:0005833]; haptoglobin binding [GO:0031720]; heme binding [GO:0020037]; hemoglobin alpha binding [GO:0031721]; organic acid binding [GO:0043177]; oxygen binding [GO:0019825]; oxygen carrier activity [GO:0005344]; peroxidase activity [GO:0004601]; hydrogen peroxide catabolic process [GO:0042744]
P68230	HBB_CAMBA	Camelus bactrianus (Bactrian camel)	147	blood microparticle [GO:0072562]; haptoglobin-hemoglobin complex [GO:0031838]; hemoglobin complex [GO:0005833]; haptoglobin binding [GO:0031720]; heme binding [GO:0020037]; hemoglobin alpha binding [GO:0031721]; organic acid binding [GO:0043177]; oxygen binding [GO:0019825]; oxygen carrier activity [GO:0005344]; peroxidase activity [GO:0004601]; hydrogen peroxide catabolic process [GO:0042744]
P68231	HBB_CAMDR	Camelus dromedarius (Dromedary) (Arabian camel)	147	blood microparticle [GO:0072562]; haptoglobin-hemoglobin complex [GO:0031838]; hemoglobin complex [GO:0005833]; haptoglobin binding [GO:0031720]; heme binding [GO:0020037]; hemoglobin alpha binding [GO:0031721]; organic acid binding [GO:0043177]; oxygen binding [GO:0019825]; oxygen carrier activity [GO:0005344]; peroxidase activity [GO:0004601]; hydrogen peroxide catabolic process [GO:0042744]
P68232	HBB_ATEGE	Ateles geoffroyi (Black-handed spider monkey) (Geoffroy's spider monkey)	147	blood microparticle [GO:0072562]; haptoglobin-hemoglobin complex [GO:0031838]; hemoglobin complex [GO:0005833]; haptoglobin binding [GO:0031720]; heme binding [GO:0020037]; hemoglobin alpha binding [GO:0031721]; organic acid binding [GO:0043177]; oxygen binding [GO:0019825]; oxygen carrier activity [GO:0005344]; peroxidase activity [GO:0004601]; hydrogen peroxide catabolic process [GO:0042744]
P68234	HBB_ATEBE	Ateles belzebuth (White-bellied spider monkey)	147	blood microparticle [GO:0072562]; haptoglobin-hemoglobin complex [GO:0031838]; hemoglobin complex [GO:0005833]; haptoglobin binding [GO:0031720]; heme binding [GO:0020037]; hemoglobin alpha binding [GO:0031721]; organic acid binding [GO:0043177]; oxygen binding [GO:0019825]; oxygen carrier activity [GO:0005344]; peroxidase activity [GO:0004601]; hydrogen peroxide catabolic process [GO:0042744]
P68944	HBB_BRACA	Branta canadensis (Canada goose) (Anas canadensis)	146	blood microparticle [GO:0072562]; haptoglobin-hemoglobin complex [GO:0031838]; hemoglobin complex [GO:0005833]; haptoglobin binding [GO:0031720]; heme binding [GO:0020037]; organic acid binding [GO:0043177]; oxygen binding [GO:0019825]; oxygen carrier activity [GO:0005344]; peroxidase activity [GO:0004601]; hydrogen peroxide catabolic process [GO:0042744]
P68945	HBB_CYGOL	Cygnus olor (Mute swan) (Anas olor)	146	blood microparticle [GO:0072562]; haptoglobin-hemoglobin complex [GO:0031838]; hemoglobin complex [GO:0005833]; haptoglobin binding [GO:0031720]; heme binding [GO:0020037]; organic acid binding [GO:0043177]; oxygen binding [GO:0019825]; oxygen carrier activity [GO:0005344]; peroxidase activity [GO:0004601]; hydrogen peroxide catabolic process [GO:0042744]
P80216	HBB_APTFO	Aptenodytes forsteri (Emperor penguin)	146	blood microparticle [GO:0072562]; haptoglobin-hemoglobin complex [GO:0031838]; hemoglobin complex [GO:0005833]; haptoglobin binding [GO:0031720]; heme binding [GO:0020037]; organic acid binding [GO:0043177]; oxygen binding [GO:0019825]; oxygen carrier activity [GO:0005344]; peroxidase activity [GO:0004601]; hydrogen peroxide catabolic process [GO:0042744]
P80271	HBB_CHEKU	Chelidonichthys kumu (Bluefin gurnard) (Trigla kumu)	146	blood microparticle [GO:0072562]; haptoglobin-hemoglobin complex [GO:0031838]; hemoglobin complex [GO:0005833]; haptoglobin binding [GO:0031720]; heme binding [GO:0020037]; organic acid binding [GO:0043177]; oxygen binding [GO:0019825]; oxygen carrier activity [GO:0005344]; peroxidase activity [GO:0004601]; hydrogen peroxide catabolic process [GO:0042744]
P82113	HBB_STEMC	Stercorarius maccormicki (South polar skua) (Catharacta maccormicki)	146	blood microparticle [GO:0072562]; haptoglobin-hemoglobin complex [GO:0031838]; hemoglobin complex [GO:0005833]; haptoglobin binding [GO:0031720]; heme binding [GO:0020037]; organic acid binding [GO:0043177]; oxygen binding [GO:0019825]; oxygen carrier activity [GO:0005344]; peroxidase activity [GO:0004601]; hydrogen peroxide catabolic process [GO:0042744]
P82345	HBB0_PAGBO	Pagothenia borchgrevinki (Bald rockcod) (Trematomus borchgrevinki)	146	blood microparticle [GO:0072562]; haptoglobin-hemoglobin complex [GO:0031838]; hemoglobin complex [GO:0005833]; haptoglobin binding [GO:0031720]; heme binding [GO:0020037]; organic acid binding [GO:0043177]; oxygen binding [GO:0019825]; oxygen carrier activity [GO:0005344]; peroxidase activity [GO:0004601]; hydrogen peroxide catabolic process [GO:0042744]
P83123	HBB_CHENI	Chelonoidis niger (Galapagos giant tortoise) (Geochelone nigra)	147	blood microparticle [GO:0072562]; haptoglobin-hemoglobin complex [GO:0031838]; hemoglobin complex [GO:0005833]; haptoglobin binding [GO:0031720]; heme binding [GO:0020037]; organic acid binding [GO:0043177]; oxygen binding [GO:0019825]; oxygen carrier activity [GO:0005344]; peroxidase activity [GO:0004601]; hydrogen peroxide catabolic process [GO:0042744]
P83272	HBB1_ANAMI	Anarhichas minor (Arctic spotted wolffish)	146	blood microparticle [GO:0072562]; haptoglobin-hemoglobin complex [GO:0031838]; hemoglobin complex [GO:0005833]; haptoglobin binding [GO:0031720]; heme binding [GO:0020037]; organic acid binding [GO:0043177]; oxygen binding [GO:0019825]; oxygen carrier activity [GO:0005344]; peroxidase activity [GO:0004601]; hydrogen peroxide catabolic process [GO:0042744]
P83273	HBB2_ANAMI	Anarhichas minor (Arctic spotted wolffish)	146	blood microparticle [GO:0072562]; haptoglobin-hemoglobin complex [GO:0031838]; hemoglobin complex [GO:0005833]; haptoglobin binding [GO:0031720]; heme binding [GO:0020037]; organic acid binding [GO:0043177]; oxygen binding [GO:0019825]; oxygen carrier activity [GO:0005344]; peroxidase activity [GO:0004601]; hydrogen peroxide catabolic process [GO:0042744]
P83612	HBB1_GOBGI	Gobionotothen gibberifrons (Humped rockcod) (Notothenia gibberifrons)	146	blood microparticle [GO:0072562]; haptoglobin-hemoglobin complex [GO:0031838]; hemoglobin complex [GO:0005833]; haptoglobin binding [GO:0031720]; heme binding [GO:0020037]; organic acid binding [GO:0043177]; oxygen binding [GO:0019825]; oxygen carrier activity [GO:0005344]; peroxidase activity [GO:0004601]; hydrogen peroxide catabolic process [GO:0042744]
P83614	HBB2_GOBGI	Gobionotothen gibberifrons (Humped rockcod) (Notothenia gibberifrons)	146	blood microparticle [GO:0072562]; haptoglobin-hemoglobin complex [GO:0031838]; hemoglobin complex [GO:0005833]; haptoglobin binding [GO:0031720]; heme binding [GO:0020037]; organic acid binding [GO:0043177]; oxygen binding [GO:0019825]; oxygen carrier activity [GO:0005344]; peroxidase activity [GO:0004601]; hydrogen peroxide catabolic process [GO:0042744]
P83624	HBB1_PSEUR	Pseudaphritis urvillii (Congolli) (Freshwater flathead)	146	blood microparticle [GO:0072562]; haptoglobin-hemoglobin complex [GO:0031838]; hemoglobin complex [GO:0005833]; haptoglobin binding [GO:0031720]; heme binding [GO:0020037]; organic acid binding [GO:0043177]; oxygen binding [GO:0019825]; oxygen carrier activity [GO:0005344]; peroxidase activity [GO:0004601]; hydrogen peroxide catabolic process [GO:0042744]; oxygen transport [GO:0015671]
P83625	HBB2_PSEUR	Pseudaphritis urvillii (Congolli) (Freshwater flathead)	146	blood microparticle [GO:0072562]; haptoglobin-hemoglobin complex [GO:0031838]; hemoglobin complex [GO:0005833]; haptoglobin binding [GO:0031720]; heme binding [GO:0020037]; organic acid binding [GO:0043177]; oxygen binding [GO:0019825]; oxygen carrier activity [GO:0005344]; peroxidase activity [GO:0004601]; hydrogen peroxide catabolic process [GO:0042744]; oxygen transport [GO:0015671]
P84217	HBB_BATEA	Bathyraja eatonii (Eaton's skate) (Raja eatonii)	141	blood microparticle [GO:0072562]; haptoglobin-hemoglobin complex [GO:0031838]; hemoglobin complex [GO:0005833]; haptoglobin binding [GO:0031720]; heme binding [GO:0020037]; organic acid binding [GO:0043177]; oxygen binding [GO:0019825]; oxygen carrier activity [GO:0005344]; peroxidase activity [GO:0004601]; hydrogen peroxide catabolic process [GO:0042744]
P84604	HBB2_ARCGL	Arctogadus glacialis (Arctic cod) (Gadus glacialis)	147	blood microparticle [GO:0072562]; haptoglobin-hemoglobin complex [GO:0031838]; hemoglobin complex [GO:0005833]; haptoglobin binding [GO:0031720]; heme binding [GO:0020037]; organic acid binding [GO:0043177]; oxygen binding [GO:0019825]; oxygen carrier activity [GO:0005344]; peroxidase activity [GO:0004601]; hydrogen peroxide catabolic process [GO:0042744]
P84610	HBB1_GADMO	Gadus morhua (Atlantic cod)	147	blood microparticle [GO:0072562]; haptoglobin-hemoglobin complex [GO:0031838]; hemoglobin complex [GO:0005833]; haptoglobin binding [GO:0031720]; heme binding [GO:0020037]; organic acid binding [GO:0043177]; oxygen binding [GO:0019825]; oxygen carrier activity [GO:0005344]; peroxidase activity [GO:0004601]; hydrogen peroxide catabolic process [GO:0042744]
P84611	HBB2_GADMO	Gadus morhua (Atlantic cod)	147	blood microparticle [GO:0072562]; haptoglobin-hemoglobin complex [GO:0031838]; hemoglobin complex [GO:0005833]; haptoglobin binding [GO:0031720]; heme binding [GO:0020037]; organic acid binding [GO:0043177]; oxygen binding [GO:0019825]; oxygen carrier activity [GO:0005344]; peroxidase activity [GO:0004601]; hydrogen peroxide catabolic process [GO:0042744]
P84652	HBB_COTGO	Cottoperca gobio (Frogmouth) (Aphritis gobio)	147	blood microparticle [GO:0072562]; haptoglobin-hemoglobin complex [GO:0031838]; hemoglobin complex [GO:0005833]; haptoglobin binding [GO:0031720]; heme binding [GO:0020037]; organic acid binding [GO:0043177]; oxygen binding [GO:0019825]; oxygen carrier activity [GO:0005344]; peroxidase activity [GO:0004601]; hydrogen peroxide catabolic process [GO:0042744]
P85082	HBB1_LIPTU	Liparis tunicatus (Kelp snailfish)	147	blood microparticle [GO:0072562]; haptoglobin-hemoglobin complex [GO:0031838]; hemoglobin complex [GO:0005833]; haptoglobin binding [GO:0031720]; heme binding [GO:0020037]; organic acid binding [GO:0043177]; oxygen binding [GO:0019825]; oxygen carrier activity [GO:0005344]; peroxidase activity [GO:0004601]; hydrogen peroxide catabolic process [GO:0042744]
P86879	HBB1_LYCRE	Lycodes reticulatus (Arctic eelpout)	146	blood microparticle [GO:0072562]; haptoglobin-hemoglobin complex [GO:0031838]; hemoglobin complex [GO:0005833]; haptoglobin binding [GO:0031720]; heme binding [GO:0020037]; organic acid binding [GO:0043177]; oxygen binding [GO:0019825]; oxygen carrier activity [GO:0005344]; peroxidase activity [GO:0004601]; hydrogen peroxide catabolic process [GO:0042744]; oxygen transport [GO:0015671]
P86887	HBB2_LYCRE	Lycodes reticulatus (Arctic eelpout)	146	blood microparticle [GO:0072562]; haptoglobin-hemoglobin complex [GO:0031838]; hemoglobin complex [GO:0005833]; haptoglobin binding [GO:0031720]; heme binding [GO:0020037]; organic acid binding [GO:0043177]; oxygen binding [GO:0019825]; oxygen carrier activity [GO:0005344]; peroxidase activity [GO:0004601]; hydrogen peroxide catabolic process [GO:0042744]; oxygen transport [GO:0015671]
Q10733	HBB_CARCR	Caretta caretta (Loggerhead sea turtle)	146	blood microparticle [GO:0072562]; haptoglobin-hemoglobin complex [GO:0031838]; hemoglobin complex [GO:0005833]; haptoglobin binding [GO:0031720]; heme binding [GO:0020037]; organic acid binding [GO:0043177]; oxygen binding [GO:0019825]; oxygen carrier activity [GO:0005344]; peroxidase activity [GO:0004601]; hydrogen peroxide catabolic process [GO:0042744]
Q1AGS3	HBB1_ARCGL	Arctogadus glacialis (Arctic cod) (Gadus glacialis)	132	blood microparticle [GO:0072562]; haptoglobin-hemoglobin complex [GO:0031838]; hemoglobin complex [GO:0005833]; haptoglobin binding [GO:0031720]; heme binding [GO:0020037]; organic acid binding [GO:0043177]; oxygen binding [GO:0019825]; oxygen carrier activity [GO:0005344]; peroxidase activity [GO:0004601]; hydrogen peroxide catabolic process [GO:0042744]
Q1AGS6	HBB2_BORSA	Boreogadus saida (Polar cod) (Gadus saida)	147	blood microparticle [GO:0072562]; haptoglobin-hemoglobin complex [GO:0031838]; hemoglobin complex [GO:0005833]; haptoglobin binding [GO:0031720]; heme binding [GO:0020037]; organic acid binding [GO:0043177]; oxygen binding [GO:0019825]; oxygen carrier activity [GO:0005344]; peroxidase activity [GO:0004601]; hydrogen peroxide catabolic process [GO:0042744]
Q1AGS7	HBB1_BORSA	Boreogadus saida (Polar cod) (Gadus saida)	147	blood microparticle [GO:0072562]; haptoglobin-hemoglobin complex [GO:0031838]; hemoglobin complex [GO:0005833]; haptoglobin binding [GO:0031720]; heme binding [GO:0020037]; organic acid binding [GO:0043177]; oxygen binding [GO:0019825]; oxygen carrier activity [GO:0005344]; peroxidase activity [GO:0004601]; hydrogen peroxide catabolic process [GO:0042744]
Q28932	HBB_SMICR	Sminthopsis crassicaudata (Fat-tailed dunnart) (Phascogale crassicaudata)	147	blood microparticle [GO:0072562]; haptoglobin-hemoglobin complex [GO:0031838]; hemoglobin complex [GO:0005833]; haptoglobin binding [GO:0031720]; heme binding [GO:0020037]; organic acid binding [GO:0043177]; oxygen binding [GO:0019825]; oxygen carrier activity [GO:0005344]; peroxidase activity [GO:0004601]; hydrogen peroxide catabolic process [GO:0042744]
Q2KPA3	HBB_SCAOR	Scapanus orarius (Coast mole)	147	blood microparticle [GO:0072562]; haptoglobin-hemoglobin complex [GO:0031838]; hemoglobin complex [GO:0005833]; haptoglobin binding [GO:0031720]; heme binding [GO:0020037]; hemoglobin alpha binding [GO:0031721]; organic acid binding [GO:0043177]; oxygen binding [GO:0019825]; oxygen carrier activity [GO:0005344]; peroxidase activity [GO:0004601]; hydrogen peroxide catabolic process [GO:0042744]
Q2KPA4	HBB_SCAAQ	Scalopus aquaticus (Eastern mole) (Sorex aquaticus)	147	blood microparticle [GO:0072562]; haptoglobin-hemoglobin complex [GO:0031838]; hemoglobin complex [GO:0005833]; haptoglobin binding [GO:0031720]; heme binding [GO:0020037]; hemoglobin alpha binding [GO:0031721]; organic acid binding [GO:0043177]; oxygen binding [GO:0019825]; oxygen carrier activity [GO:0005344]; peroxidase activity [GO:0004601]; hydrogen peroxide catabolic process [GO:0042744]
Q6H1U7	HBB_NOTEU	Notamacropus eugenii (Tammar wallaby) (Macropus eugenii)	147	blood microparticle [GO:0072562]; haptoglobin-hemoglobin complex [GO:0031838]; hemoglobin complex [GO:0005833]; haptoglobin binding [GO:0031720]; heme binding [GO:0020037]; organic acid binding [GO:0043177]; oxygen binding [GO:0019825]; oxygen carrier activity [GO:0005344]; peroxidase activity [GO:0004601]; hydrogen peroxide catabolic process [GO:0042744]
Q6WN20	HBB_CHETO	Cheracebus torquatus (Collared titi monkey) (Callicebus torquatus)	147	blood microparticle [GO:0072562]; haptoglobin-hemoglobin complex [GO:0031838]; hemoglobin complex [GO:0005833]; haptoglobin binding [GO:0031720]; heme binding [GO:0020037]; hemoglobin alpha binding [GO:0031721]; organic acid binding [GO:0043177]; oxygen binding [GO:0019825]; oxygen carrier activity [GO:0005344]; peroxidase activity [GO:0004601]; hydrogen peroxide catabolic process [GO:0042744]
Q6WN21	HBB_CALGO	Callimico goeldii (Goeldi's monkey) (Midas goeldii)	147	blood microparticle [GO:0072562]; haptoglobin-hemoglobin complex [GO:0031838]; hemoglobin complex [GO:0005833]; haptoglobin binding [GO:0031720]; heme binding [GO:0020037]; hemoglobin alpha binding [GO:0031721]; organic acid binding [GO:0043177]; oxygen binding [GO:0019825]; oxygen carrier activity [GO:0005344]; peroxidase activity [GO:0004601]; hydrogen peroxide catabolic process [GO:0042744]
Q6WN25	HBB_LAGLA	Lagothrix lagotricha (Brown woolly monkey) (Humboldt's woolly monkey)	147	blood microparticle [GO:0072562]; haptoglobin-hemoglobin complex [GO:0031838]; hemoglobin complex [GO:0005833]; haptoglobin binding [GO:0031720]; heme binding [GO:0020037]; hemoglobin alpha binding [GO:0031721]; organic acid binding [GO:0043177]; oxygen binding [GO:0019825]; oxygen carrier activity [GO:0005344]; peroxidase activity [GO:0004601]; hydrogen peroxide catabolic process [GO:0042744]
Q6WN26	HBB_AOTAZ	Aotus azarae (Azara's night monkey) (Simia azarae)	147	blood microparticle [GO:0072562]; haptoglobin-hemoglobin complex [GO:0031838]; hemoglobin complex [GO:0005833]; haptoglobin binding [GO:0031720]; heme binding [GO:0020037]; hemoglobin alpha binding [GO:0031721]; organic acid binding [GO:0043177]; oxygen binding [GO:0019825]; oxygen carrier activity [GO:0005344]; peroxidase activity [GO:0004601]; hydrogen peroxide catabolic process [GO:0042744]
Q6WN27	HBB_PITPI	Pithecia pithecia (White-faced saki)	147	blood microparticle [GO:0072562]; haptoglobin-hemoglobin complex [GO:0031838]; hemoglobin complex [GO:0005833]; haptoglobin binding [GO:0031720]; heme binding [GO:0020037]; hemoglobin alpha binding [GO:0031721]; organic acid binding [GO:0043177]; oxygen binding [GO:0019825]; oxygen carrier activity [GO:0005344]; peroxidase activity [GO:0004601]; hydrogen peroxide catabolic process [GO:0042744]
Q6WN28	HBB_CALJA	Callithrix jacchus (White-tufted-ear marmoset) (Simia Jacchus)	147	blood microparticle [GO:0072562]; haptoglobin-hemoglobin complex [GO:0031838]; hemoglobin complex [GO:0005833]; haptoglobin binding [GO:0031720]; heme binding [GO:0020037]; hemoglobin alpha binding [GO:0031721]; organic acid binding [GO:0043177]; oxygen binding [GO:0019825]; oxygen carrier activity [GO:0005344]; peroxidase activity [GO:0004601]; hydrogen peroxide catabolic process [GO:0042744]
Q6WN29	HBB_ALOBE	Alouatta belzebul (Red-handed howler monkey)	147	blood microparticle [GO:0072562]; haptoglobin-hemoglobin complex [GO:0031838]; hemoglobin complex [GO:0005833]; haptoglobin binding [GO:0031720]; heme binding [GO:0020037]; hemoglobin alpha binding [GO:0031721]; organic acid binding [GO:0043177]; oxygen binding [GO:0019825]; oxygen carrier activity [GO:0005344]; peroxidase activity [GO:0004601]; hydrogen peroxide catabolic process [GO:0042744]
Q6Y239	HBB_PAGMA	Pagrus major (Red seabream) (Chrysophrys major)	148	blood microparticle [GO:0072562]; haptoglobin-hemoglobin complex [GO:0031838]; hemoglobin complex [GO:0005833]; haptoglobin binding [GO:0031720]; heme binding [GO:0020037]; organic acid binding [GO:0043177]; oxygen binding [GO:0019825]; oxygen carrier activity [GO:0005344]; peroxidase activity [GO:0004601]; hydrogen peroxide catabolic process [GO:0042744]
Q7LZB9	HBB_STROE	Streptopelia orientalis (Eastern turtle dove)	146	blood microparticle [GO:0072562]; haptoglobin-hemoglobin complex [GO:0031838]; hemoglobin complex [GO:0005833]; haptoglobin binding [GO:0031720]; heme binding [GO:0020037]; organic acid binding [GO:0043177]; oxygen binding [GO:0019825]; oxygen carrier activity [GO:0005344]; peroxidase activity [GO:0004601]; hydrogen peroxide catabolic process [GO:0042744]
Q7LZC1	HBB3_MURHE	Muraena helena (Mediterranean moray)	147	blood microparticle [GO:0072562]; haptoglobin-hemoglobin complex [GO:0031838]; hemoglobin complex [GO:0005833]; haptoglobin binding [GO:0031720]; heme binding [GO:0020037]; organic acid binding [GO:0043177]; oxygen binding [GO:0019825]; oxygen carrier activity [GO:0005344]; peroxidase activity [GO:0004601]; hydrogen peroxide catabolic process [GO:0042744]
Q7LZC2	HBB1_MURHE	Muraena helena (Mediterranean moray)	146	blood microparticle [GO:0072562]; haptoglobin-hemoglobin complex [GO:0031838]; hemoglobin complex [GO:0005833]; haptoglobin binding [GO:0031720]; heme binding [GO:0020037]; organic acid binding [GO:0043177]; oxygen binding [GO:0019825]; oxygen carrier activity [GO:0005344]; peroxidase activity [GO:0004601]; hydrogen peroxide catabolic process [GO:0042744]
Q7M3C2	HBB_HAPGR	Hapalemur griseus (Gray gentle lemur) (Eastern lesser bamboo lemur)	146	blood microparticle [GO:0072562]; haptoglobin-hemoglobin complex [GO:0031838]; hemoglobin complex [GO:0005833]; haptoglobin binding [GO:0031720]; heme binding [GO:0020037]; hemoglobin alpha binding [GO:0031721]; organic acid binding [GO:0043177]; oxygen binding [GO:0019825]; oxygen carrier activity [GO:0005344]; peroxidase activity [GO:0004601]; hydrogen peroxide catabolic process [GO:0042744]
Q90485	HBB2_DANRE	Danio rerio (Zebrafish) (Brachydanio rerio)	148	haptoglobin-hemoglobin complex [GO:0031838]; hemoglobin complex [GO:0005833]; heme binding [GO:0020037]; oxygen binding [GO:0019825]; oxygen carrier activity [GO:0005344]; erythrocyte development [GO:0048821]; hemopoiesis [GO:0030097]; oxygen transport [GO:0015671]
Q91473	HBB_SALSA	Salmo salar (Atlantic salmon)	148	blood microparticle [GO:0072562]; haptoglobin-hemoglobin complex [GO:0031838]; hemoglobin complex [GO:0005833]; haptoglobin binding [GO:0031720]; heme binding [GO:0020037]; organic acid binding [GO:0043177]; oxygen binding [GO:0019825]; oxygen carrier activity [GO:0005344]; peroxidase activity [GO:0004601]; hydrogen peroxide catabolic process [GO:0042744]
Q98905	HBB_CHECB	Chelonoidis carbonarius (Red-footed tortoise) (Geochelone carbonaria)	147	blood microparticle [GO:0072562]; haptoglobin-hemoglobin complex [GO:0031838]; hemoglobin complex [GO:0005833]; haptoglobin binding [GO:0031720]; heme binding [GO:0020037]; organic acid binding [GO:0043177]; oxygen binding [GO:0019825]; oxygen carrier activity [GO:0005344]; peroxidase activity [GO:0004601]; hydrogen peroxide catabolic process [GO:0042744]
Q98TS0	HBB_ONCNE	Oncorhynchus nerka (Sockeye salmon) (Salmo nerka)	148	blood microparticle [GO:0072562]; haptoglobin-hemoglobin complex [GO:0031838]; hemoglobin complex [GO:0005833]; haptoglobin binding [GO:0031720]; heme binding [GO:0020037]; organic acid binding [GO:0043177]; oxygen binding [GO:0019825]; oxygen carrier activity [GO:0005344]; peroxidase activity [GO:0004601]; hydrogen peroxide catabolic process [GO:0042744]
Q9PVM1	HBBB_SERQU	Seriola quinqueradiata (Five-ray yellowtail)	148	blood microparticle [GO:0072562]; haptoglobin-hemoglobin complex [GO:0031838]; hemoglobin complex [GO:0005833]; haptoglobin binding [GO:0031720]; heme binding [GO:0020037]; organic acid binding [GO:0043177]; oxygen binding [GO:0019825]; oxygen carrier activity [GO:0005344]; peroxidase activity [GO:0004601]; hydrogen peroxide catabolic process [GO:0042744]
Q9PVM2	HBBA_SERQU	Seriola quinqueradiata (Five-ray yellowtail)	148	blood microparticle [GO:0072562]; haptoglobin-hemoglobin complex [GO:0031838]; hemoglobin complex [GO:0005833]; haptoglobin binding [GO:0031720]; heme binding [GO:0020037]; organic acid binding [GO:0043177]; oxygen binding [GO:0019825]; oxygen carrier activity [GO:0005344]; peroxidase activity [GO:0004601]; hydrogen peroxide catabolic process [GO:0042744]
Q9TSP1	HBB_PAPAN	Papio anubis (Olive baboon)	147	blood microparticle [GO:0072562]; haptoglobin-hemoglobin complex [GO:0031838]; hemoglobin complex [GO:0005833]; haptoglobin binding [GO:0031720]; heme binding [GO:0020037]; hemoglobin alpha binding [GO:0031721]; organic acid binding [GO:0043177]; oxygen binding [GO:0019825]; oxygen carrier activity [GO:0005344]; peroxidase activity [GO:0004601]; hydrogen peroxide catabolic process [GO:0042744]
Q9TT33	HBB_COLGU	Colobus guereza (Mantled guereza) (Eastern black-and-white colobus monkey)	41	blood microparticle [GO:0072562]; haptoglobin-hemoglobin complex [GO:0031838]; hemoglobin complex [GO:0005833]; haptoglobin binding [GO:0031720]; heme binding [GO:0020037]; organic acid binding [GO:0043177]; oxygen binding [GO:0019825]; oxygen carrier activity [GO:0005344]; peroxidase activity [GO:0004601]; hydrogen peroxide catabolic process [GO:0042744]
Q9YGW1	HBB_MUSGR	Mustelus griseus (Spotless smooth-hound)	137	blood microparticle [GO:0072562]; haptoglobin-hemoglobin complex [GO:0031838]; hemoglobin complex [GO:0005833]; haptoglobin binding [GO:0031720]; heme binding [GO:0020037]; organic acid binding [GO:0043177]; oxygen binding [GO:0019825]; oxygen carrier activity [GO:0005344]; peroxidase activity [GO:0004601]; hydrogen peroxide catabolic process [GO:0042744]
B3EWC8	HBB_TAMMR	Tamias merriami (Merriam's chipmunk) (Neotamias merriami)	146	blood microparticle [GO:0072562]; haptoglobin-hemoglobin complex [GO:0031838]; hemoglobin complex [GO:0005833]; haptoglobin binding [GO:0031720]; heme binding [GO:0020037]; hemoglobin alpha binding [GO:0031721]; organic acid binding [GO:0043177]; oxygen binding [GO:0019825]; oxygen carrier activity [GO:0005344]; peroxidase activity [GO:0004601]; hydrogen peroxide catabolic process [GO:0042744]
B3EWD0	HBB_OTOBE	Otospermophilus beecheyi (California ground squirrel) (Spermophilus beecheyi)	146	blood microparticle [GO:0072562]; haptoglobin-hemoglobin complex [GO:0031838]; hemoglobin complex [GO:0005833]; haptoglobin binding [GO:0031720]; heme binding [GO:0020037]; hemoglobin alpha binding [GO:0031721]; organic acid binding [GO:0043177]; oxygen binding [GO:0019825]; oxygen carrier activity [GO:0005344]; peroxidase activity [GO:0004601]; hydrogen peroxide catabolic process [GO:0042744]
B3EWD2	HBB_SCICA	Sciurus carolinensis (Eastern gray squirrel)	146	blood microparticle [GO:0072562]; haptoglobin-hemoglobin complex [GO:0031838]; hemoglobin complex [GO:0005833]; haptoglobin binding [GO:0031720]; heme binding [GO:0020037]; hemoglobin alpha binding [GO:0031721]; organic acid binding [GO:0043177]; oxygen binding [GO:0019825]; oxygen carrier activity [GO:0005344]; peroxidase activity [GO:0004601]; hydrogen peroxide catabolic process [GO:0042744]
B3EWD4	HBB_PERCR	Peromyscus crinitus (Canyon mouse)	146	blood microparticle [GO:0072562]; haptoglobin-hemoglobin complex [GO:0031838]; hemoglobin complex [GO:0005833]; haptoglobin binding [GO:0031720]; heme binding [GO:0020037]; hemoglobin alpha binding [GO:0031721]; organic acid binding [GO:0043177]; oxygen binding [GO:0019825]; oxygen carrier activity [GO:0005344]; peroxidase activity [GO:0004601]; hydrogen peroxide catabolic process [GO:0042744]
B3EWD6	HBB_PERCA	Peromyscus californicus (California mouse)	146	blood microparticle [GO:0072562]; haptoglobin-hemoglobin complex [GO:0031838]; hemoglobin complex [GO:0005833]; haptoglobin binding [GO:0031720]; heme binding [GO:0020037]; hemoglobin alpha binding [GO:0031721]; organic acid binding [GO:0043177]; oxygen binding [GO:0019825]; oxygen carrier activity [GO:0005344]; peroxidase activity [GO:0004601]; hydrogen peroxide catabolic process [GO:0042744]
B3EWD8	HBB_TAMHU	Tamiasciurus hudsonicus (American red squirrel) (Sciurus hudsonicus)	146	blood microparticle [GO:0072562]; haptoglobin-hemoglobin complex [GO:0031838]; hemoglobin complex [GO:0005833]; haptoglobin binding [GO:0031720]; heme binding [GO:0020037]; hemoglobin alpha binding [GO:0031721]; organic acid binding [GO:0043177]; oxygen binding [GO:0019825]; oxygen carrier activity [GO:0005344]; peroxidase activity [GO:0004601]; hydrogen peroxide catabolic process [GO:0042744]
B3EWE0	HBB_TAMST	Tamias striatus (Eastern chipmunk) (Sciurus striatus)	146	blood microparticle [GO:0072562]; haptoglobin-hemoglobin complex [GO:0031838]; hemoglobin complex [GO:0005833]; haptoglobin binding [GO:0031720]; heme binding [GO:0020037]; hemoglobin alpha binding [GO:0031721]; organic acid binding [GO:0043177]; oxygen binding [GO:0019825]; oxygen carrier activity [GO:0005344]; peroxidase activity [GO:0004601]; hydrogen peroxide catabolic process [GO:0042744]
B3EWE2	HBB_BLABR	Blarina brevicauda (Northern short-tailed shrew)	146	blood microparticle [GO:0072562]; haptoglobin-hemoglobin complex [GO:0031838]; hemoglobin complex [GO:0005833]; haptoglobin binding [GO:0031720]; heme binding [GO:0020037]; hemoglobin alpha binding [GO:0031721]; organic acid binding [GO:0043177]; oxygen binding [GO:0019825]; oxygen carrier activity [GO:0005344]; peroxidase activity [GO:0004601]; hydrogen peroxide catabolic process [GO:0042744]
B3EWE4	HBB_MICPE	Microtus pennsylvanicus (Meadow vole)	146	blood microparticle [GO:0072562]; haptoglobin-hemoglobin complex [GO:0031838]; hemoglobin complex [GO:0005833]; haptoglobin binding [GO:0031720]; heme binding [GO:0020037]; hemoglobin alpha binding [GO:0031721]; organic acid binding [GO:0043177]; oxygen binding [GO:0019825]; oxygen carrier activity [GO:0005344]; peroxidase activity [GO:0004601]; hydrogen peroxide catabolic process [GO:0042744]
D0VX08	HBB_PTEVA	Pteropus vampyrus (Large flying fox)	146	blood microparticle [GO:0072562]; haptoglobin-hemoglobin complex [GO:0031838]; hemoglobin complex [GO:0005833]; haptoglobin binding [GO:0031720]; heme binding [GO:0020037]; hemoglobin alpha binding [GO:0031721]; organic acid binding [GO:0043177]; oxygen binding [GO:0019825]; oxygen carrier activity [GO:0005344]; peroxidase activity [GO:0004601]; hydrogen peroxide catabolic process [GO:0042744]
P83114	HBB2_TELPE	Telmatobius peruvianus (Andean frog)	145	blood microparticle [GO:0072562]; haptoglobin-hemoglobin complex [GO:0031838]; hemoglobin complex [GO:0005833]; haptoglobin binding [GO:0031720]; heme binding [GO:0020037]; organic acid binding [GO:0043177]; oxygen binding [GO:0019825]; oxygen carrier activity [GO:0005344]; peroxidase activity [GO:0004601]; hydrogen peroxide catabolic process [GO:0042744]
P85312	HBBA_PANCK	Pantosteus clarkii (Desert sucker) (Catostomus clarkii)	42	heme binding [GO:0020037]; oxygen binding [GO:0019825]
P85313	HBBB_PANCK	Pantosteus clarkii (Desert sucker) (Catostomus clarkii)	48	heme binding [GO:0020037]; oxygen binding [GO:0019825]
P86390	HBB2_IGUIG	Iguana iguana (Common iguana)	146	blood microparticle [GO:0072562]; haptoglobin-hemoglobin complex [GO:0031838]; hemoglobin complex [GO:0005833]; haptoglobin binding [GO:0031720]; heme binding [GO:0020037]; organic acid binding [GO:0043177]; oxygen binding [GO:0019825]; oxygen carrier activity [GO:0005344]; peroxidase activity [GO:0004601]; hydrogen peroxide catabolic process [GO:0042744]
P86391	HBB2_AMBCR	Amblyrhynchus cristatus (Galapagos marine iguana)	146	blood microparticle [GO:0072562]; haptoglobin-hemoglobin complex [GO:0031838]; hemoglobin complex [GO:0005833]; haptoglobin binding [GO:0031720]; heme binding [GO:0020037]; organic acid binding [GO:0043177]; oxygen binding [GO:0019825]; oxygen carrier activity [GO:0005344]; peroxidase activity [GO:0004601]; hydrogen peroxide catabolic process [GO:0042744]
P86919	HBB_CROSI	Crocodylus siamensis (Siamese crocodile)	146	blood microparticle [GO:0072562]; haptoglobin-hemoglobin complex [GO:0031838]; hemoglobin complex [GO:0005833]; haptoglobin binding [GO:0031720]; heme binding [GO:0020037]; organic acid binding [GO:0043177]; oxygen binding [GO:0019825]; oxygen carrier activity [GO:0005344]; peroxidase activity [GO:0004601]; hydrogen peroxide catabolic process [GO:0042744]
Q9TT34	HBB_PONPY	Pongo pygmaeus (Bornean orangutan)	36	heme binding [GO:0020037]; oxygen binding [GO:0019825]
P0C0U9	HBB2_DRYME	Drymarchon melanurus erebennus (Texas indigo snake) (Drymarchon corais erebennus)	10	
P18992	HBB2_SAAHA	Saara hardwickii (Indian spiny-tailed lizard) (Uromastyx hardwickii)	19	
P83761	HBB_OREMO	Oreochromis mossambicus (Mozambique tilapia) (Tilapia mossambica)	14	
P85311	HBBC_PANCK	Pantosteus clarkii (Desert sucker) (Catostomus clarkii)	18	
